-- phpMyAdmin SQL Dump
-- version 5.2.0
-- https://www.phpmyadmin.net/
--
-- Host: 127.0.0.1
-- Generation Time: Apr 03, 2024 at 12:33 PM
-- Server version: 10.4.24-MariaDB
-- PHP Version: 8.1.6

SET SQL_MODE = "NO_AUTO_VALUE_ON_ZERO";
START TRANSACTION;
SET time_zone = "+00:00";


/*!40101 SET @OLD_CHARACTER_SET_CLIENT=@@CHARACTER_SET_CLIENT */;
/*!40101 SET @OLD_CHARACTER_SET_RESULTS=@@CHARACTER_SET_RESULTS */;
/*!40101 SET @OLD_COLLATION_CONNECTION=@@COLLATION_CONNECTION */;
/*!40101 SET NAMES utf8mb4 */;

--
-- Database: `db_latest`
--

DELIMITER $$
--
-- Procedures
--
CREATE DEFINER=`root`@`localhost` PROCEDURE `getMonthlyReport` (IN `rMonth` INT)  READS SQL DATA BEGIN
SET @sql = NULL;
SELECT
  GROUP_CONCAT(DISTINCT
    CONCAT(
      'max(case when `date` = ''',
      attendance.date,
      ''' then attendance end) `',
      DAY(attendance.date), '`'
    )
  ) INTO @sql
FROM
  attendance
WHERE MONTH(attendance.date) = rMonth;
SET @sql = CONCAT('SELECT attendance.mis, student.nic, student.initials, student.surname, ', @sql, ' 
                  FROM student, attendance WHERE attendance.mis = student.mis
                   GROUP BY attendance.mis');

PREPARE stmt FROM @sql;
EXECUTE stmt;
END$$

CREATE DEFINER=`root`@`localhost` PROCEDURE `insertForNumOfDays` (IN `sDate` DATE, IN `eDate` DATE)   BEGIN
    
    DECLARE counter INT DEFAULT 1;
    DECLARE noOfDays INT DEFAULT TIMESTAMPDIFF(DAY,sDate,eDate);
    DECLARE aStatus VARCHAR(10) DEFAULT 'PRESENT';
    WHILE counter <= noOfDays DO
    	/*SELECT sDate, aStatus;*/
        CALL insertToAttendance(sDate,aStatus);
        SET sDate = DATE_ADD(sDate,INTERVAL 1 DAY);
        IF aStatus = 'PRESENT' THEN
        	SET aStatus = 'ABSENT';
        ELSE
        	SET aStatus = 'PRESENT';
        END IF;
    	SET counter = counter + 1;
    END WHILE;

END$$

CREATE DEFINER=`root`@`localhost` PROCEDURE `insertToAttendance` (IN `date` DATE, IN `aStatus` VARCHAR(10))  READS SQL DATA BEGIN
    
    DECLARE counter INT DEFAULT 1;

    WHILE counter <= 5 DO
    	INSERT INTO attendance VALUES(date,counter,aStatus);
        SET counter = counter + 1;
    END WHILE;

END$$

CREATE DEFINER=`root`@`localhost` PROCEDURE `test` (IN `status` VARCHAR(20))   BEGIN

IF status = 'NOTCOMPLETE' THEN
	DELETE FROM student_step WHERE student_id = 2 AND step_id = 3;
ELSEIF (SELECT COUNT(*) FROM student_step WHERE student_id = 2 AND step_id =3) < 1 THEN 
	INSERT INTO student_step(student_id,step_id,status) VALUES(2,3,status);
ELSE 
	UPDATE student_step SET status = status WHERE student_id = 2 AND step_id = 3; 
END IF;

END$$

DELIMITER ;

-- --------------------------------------------------------

--
-- Table structure for table `application`
--

CREATE TABLE `application` (
  `id` int(11) NOT NULL,
  `student_id` int(11) NOT NULL,
  `batch_id` int(11) NOT NULL,
  `highest_educational_qualification` varchar(100) NOT NULL,
  `date` date NOT NULL DEFAULT current_timestamp()
) ENGINE=InnoDB DEFAULT CHARSET=utf8mb4;

--
-- Dumping data for table `application`
--

INSERT INTO `application` (`id`, `student_id`, `batch_id`, `highest_educational_qualification`, `date`) VALUES
(1, 1, 1, 'Up to O/L', '2024-04-01'),
(2, 2, 1, 'Up to O/L', '2024-04-01'),
(3, 3, 1, 'Up to O/L', '2024-04-01'),
(4, 4, 1, 'Up to O/L', '2024-04-01'),
(5, 5, 1, 'Up to O/L', '2024-04-01'),
(6, 6, 1, 'Up to O/L', '2024-04-01'),
(7, 7, 1, 'Up to O/L', '2024-04-01'),
(8, 8, 1, 'Up to O/L', '2024-04-01'),
(9, 9, 1, 'Up to O/L', '2024-04-01'),
(10, 10, 1, 'Up to O/L', '2024-04-01'),
(11, 11, 1, 'Up to O/L', '2024-04-01'),
(12, 12, 1, 'Up to O/L', '2024-04-01'),
(13, 13, 1, 'Up to O/L', '2024-04-01'),
(14, 14, 1, 'Up to O/L', '2024-04-01'),
(15, 15, 1, 'Up to O/L', '2024-04-01'),
(16, 16, 1, 'Up to O/L', '2024-04-01'),
(17, 17, 1, 'Up to O/L', '2024-04-01'),
(18, 18, 1, 'Up to O/L', '2024-04-01'),
(19, 19, 1, 'Up to O/L', '2024-04-01'),
(20, 20, 1, 'Up to O/L', '2024-04-01'),
(21, 21, 1, 'Up to O/L', '2024-04-01'),
(22, 22, 2, 'Up to O/L', '2024-04-01'),
(23, 23, 2, 'Up to O/L', '2024-04-01'),
(24, 24, 2, 'Up to O/L', '2024-04-01'),
(25, 25, 2, 'Up to O/L', '2024-04-01'),
(26, 26, 2, 'Up to O/L', '2024-04-01'),
(27, 27, 2, 'Up to O/L', '2024-04-01'),
(28, 28, 2, 'Up to O/L', '2024-04-01'),
(29, 29, 2, 'Up to O/L', '2024-04-01'),
(30, 30, 2, 'Up to O/L', '2024-04-01'),
(31, 31, 2, 'Up to O/L', '2024-04-01'),
(32, 32, 2, 'Up to O/L', '2024-04-01'),
(33, 33, 2, 'Up to O/L', '2024-04-01'),
(34, 34, 2, 'Up to O/L', '2024-04-01'),
(35, 35, 2, 'Up to O/L', '2024-04-01'),
(36, 36, 2, 'Up to O/L', '2024-04-01'),
(37, 37, 2, 'Up to O/L', '2024-04-01'),
(38, 38, 2, 'Up to O/L', '2024-04-01'),
(39, 39, 2, 'Up to O/L', '2024-04-01'),
(40, 40, 2, 'Up to O/L', '2024-04-01'),
(41, 41, 2, 'Up to O/L', '2024-04-01'),
(42, 42, 2, 'Up to O/L', '2024-04-01');

-- --------------------------------------------------------

--
-- Table structure for table `attendance`
--

CREATE TABLE `attendance` (
  `id` int(11) NOT NULL,
  `date` date NOT NULL,
  `student_id` int(11) NOT NULL,
  `attendance` enum('PRESENT','ABSENT') NOT NULL DEFAULT 'ABSENT'
) ENGINE=InnoDB DEFAULT CHARSET=utf8mb4;

--
-- Dumping data for table `attendance`
--

INSERT INTO `attendance` (`id`, `date`, `student_id`, `attendance`) VALUES
(1, '2023-04-18', 22, 'PRESENT'),
(2, '2023-04-19', 22, 'PRESENT'),
(3, '2023-04-20', 22, 'PRESENT'),
(4, '2023-04-21', 22, 'PRESENT'),
(5, '2023-04-24', 22, 'PRESENT'),
(6, '2023-04-25', 22, 'PRESENT'),
(7, '2023-04-26', 22, 'PRESENT'),
(8, '2023-04-27', 22, 'PRESENT'),
(9, '2023-04-28', 22, 'PRESENT'),
(10, '2023-04-18', 23, 'PRESENT'),
(11, '2023-04-19', 23, 'PRESENT'),
(12, '2023-04-20', 23, 'PRESENT'),
(13, '2023-04-21', 23, 'PRESENT'),
(14, '2023-04-24', 23, 'PRESENT'),
(15, '2023-04-25', 23, 'PRESENT'),
(16, '2023-04-26', 23, 'PRESENT'),
(17, '2023-04-27', 23, 'ABSENT'),
(18, '2023-04-28', 23, 'PRESENT'),
(19, '2023-04-18', 24, 'PRESENT'),
(20, '2023-04-19', 24, 'PRESENT'),
(21, '2023-04-20', 24, 'PRESENT'),
(22, '2023-04-21', 24, 'PRESENT'),
(23, '2023-04-24', 24, 'PRESENT'),
(24, '2023-04-25', 24, 'PRESENT'),
(25, '2023-04-26', 24, 'PRESENT'),
(26, '2023-04-27', 24, 'PRESENT'),
(27, '2023-04-28', 24, 'PRESENT'),
(28, '2023-04-18', 25, 'PRESENT'),
(29, '2023-04-19', 25, 'PRESENT'),
(30, '2023-04-20', 25, 'PRESENT'),
(31, '2023-04-21', 25, 'PRESENT'),
(32, '2023-04-24', 25, 'PRESENT'),
(33, '2023-04-25', 25, 'PRESENT'),
(34, '2023-04-26', 25, 'PRESENT'),
(35, '2023-04-27', 25, 'PRESENT'),
(36, '2023-04-28', 25, 'PRESENT'),
(37, '2023-04-18', 26, 'PRESENT'),
(38, '2023-04-19', 26, 'PRESENT'),
(39, '2023-04-20', 26, 'PRESENT'),
(40, '2023-04-21', 26, 'PRESENT'),
(41, '2023-04-24', 26, 'PRESENT'),
(42, '2023-04-25', 26, 'PRESENT'),
(43, '2023-04-26', 26, 'PRESENT'),
(44, '2023-04-27', 26, 'PRESENT'),
(45, '2023-04-28', 26, 'PRESENT'),
(46, '2023-04-18', 27, 'PRESENT'),
(47, '2023-04-19', 27, 'PRESENT'),
(48, '2023-04-20', 27, 'PRESENT'),
(49, '2023-04-21', 27, 'PRESENT'),
(50, '2023-04-24', 27, 'PRESENT'),
(51, '2023-04-25', 27, 'PRESENT'),
(52, '2023-04-26', 27, 'PRESENT'),
(53, '2023-04-27', 27, 'PRESENT'),
(54, '2023-04-28', 27, 'PRESENT'),
(55, '2023-04-18', 28, 'PRESENT'),
(56, '2023-04-19', 28, 'PRESENT'),
(57, '2023-04-20', 28, 'PRESENT'),
(58, '2023-04-21', 28, 'PRESENT'),
(59, '2023-04-24', 28, 'PRESENT'),
(60, '2023-04-25', 28, 'PRESENT'),
(61, '2023-04-26', 28, 'PRESENT'),
(62, '2023-04-27', 28, 'PRESENT'),
(63, '2023-04-28', 28, 'PRESENT'),
(64, '2023-04-18', 29, 'PRESENT'),
(65, '2023-04-19', 29, 'PRESENT'),
(66, '2023-04-20', 29, 'PRESENT'),
(67, '2023-04-21', 29, 'PRESENT'),
(68, '2023-04-24', 29, 'ABSENT'),
(69, '2023-04-25', 29, 'ABSENT'),
(70, '2023-04-26', 29, 'PRESENT'),
(71, '2023-04-27', 29, 'PRESENT'),
(72, '2023-04-28', 29, 'PRESENT'),
(73, '2023-04-18', 30, 'PRESENT'),
(74, '2023-04-19', 30, 'PRESENT'),
(75, '2023-04-20', 30, 'PRESENT'),
(76, '2023-04-21', 30, 'ABSENT'),
(77, '2023-04-24', 30, 'ABSENT'),
(78, '2023-04-25', 30, 'ABSENT'),
(79, '2023-04-26', 30, 'ABSENT'),
(80, '2023-04-27', 30, 'ABSENT'),
(81, '2023-04-28', 30, 'PRESENT'),
(82, '2023-04-18', 31, 'PRESENT'),
(83, '2023-04-19', 31, 'PRESENT'),
(84, '2023-04-20', 31, 'PRESENT'),
(85, '2023-04-21', 31, 'PRESENT'),
(86, '2023-04-24', 31, 'PRESENT'),
(87, '2023-04-25', 31, 'PRESENT'),
(88, '2023-04-26', 31, 'PRESENT'),
(89, '2023-04-27', 31, 'PRESENT'),
(90, '2023-04-28', 31, 'PRESENT'),
(91, '2023-04-18', 32, 'PRESENT'),
(92, '2023-04-19', 32, 'PRESENT'),
(93, '2023-04-20', 32, 'PRESENT'),
(94, '2023-04-21', 32, 'PRESENT'),
(95, '2023-04-24', 32, 'PRESENT'),
(96, '2023-04-25', 32, 'PRESENT'),
(97, '2023-04-26', 32, 'ABSENT'),
(98, '2023-04-27', 32, 'ABSENT'),
(99, '2023-04-28', 32, 'PRESENT'),
(100, '2023-04-18', 33, 'PRESENT'),
(101, '2023-04-19', 33, 'PRESENT'),
(102, '2023-04-20', 33, 'PRESENT'),
(103, '2023-04-21', 33, 'PRESENT'),
(104, '2023-04-24', 33, 'PRESENT'),
(105, '2023-04-25', 33, 'PRESENT'),
(106, '2023-04-26', 33, 'PRESENT'),
(107, '2023-04-27', 33, 'PRESENT'),
(108, '2023-04-28', 33, 'PRESENT'),
(109, '2023-04-18', 34, 'PRESENT'),
(110, '2023-04-19', 34, 'PRESENT'),
(111, '2023-04-20', 34, 'PRESENT'),
(112, '2023-04-21', 34, 'PRESENT'),
(113, '2023-04-24', 34, 'PRESENT'),
(114, '2023-04-25', 34, 'PRESENT'),
(115, '2023-04-26', 34, 'PRESENT'),
(116, '2023-04-27', 34, 'PRESENT'),
(117, '2023-04-28', 34, 'PRESENT'),
(118, '2023-04-18', 35, 'PRESENT'),
(119, '2023-04-19', 35, 'PRESENT'),
(120, '2023-04-20', 35, 'PRESENT'),
(121, '2023-04-21', 35, 'PRESENT'),
(122, '2023-04-24', 35, 'PRESENT'),
(123, '2023-04-25', 35, 'PRESENT'),
(124, '2023-04-26', 35, 'PRESENT'),
(125, '2023-04-27', 35, 'PRESENT'),
(126, '2023-04-28', 35, 'PRESENT'),
(127, '2023-04-18', 36, 'PRESENT'),
(128, '2023-04-19', 36, 'PRESENT'),
(129, '2023-04-20', 36, 'PRESENT'),
(130, '2023-04-21', 36, 'PRESENT'),
(131, '2023-04-24', 36, 'PRESENT'),
(132, '2023-04-25', 36, 'ABSENT'),
(133, '2023-04-26', 36, 'PRESENT'),
(134, '2023-04-27', 36, 'PRESENT'),
(135, '2023-04-28', 36, 'PRESENT'),
(136, '2023-04-18', 37, 'PRESENT'),
(137, '2023-04-19', 37, 'PRESENT'),
(138, '2023-04-20', 37, 'PRESENT'),
(139, '2023-04-21', 37, 'PRESENT'),
(140, '2023-04-24', 37, 'ABSENT'),
(141, '2023-04-25', 37, 'ABSENT'),
(142, '2023-04-26', 37, 'ABSENT'),
(143, '2023-04-27', 37, 'ABSENT'),
(144, '2023-04-28', 37, 'ABSENT'),
(145, '2023-04-18', 38, 'PRESENT'),
(146, '2023-04-19', 38, 'PRESENT'),
(147, '2023-04-20', 38, 'PRESENT'),
(148, '2023-04-21', 38, 'PRESENT'),
(149, '2023-04-24', 38, 'PRESENT'),
(150, '2023-04-25', 38, 'PRESENT'),
(151, '2023-04-26', 38, 'PRESENT'),
(152, '2023-04-27', 38, 'PRESENT'),
(153, '2023-04-28', 38, 'PRESENT'),
(154, '2023-04-18', 39, 'PRESENT'),
(155, '2023-04-19', 39, 'PRESENT'),
(156, '2023-04-20', 39, 'PRESENT'),
(157, '2023-04-21', 39, 'PRESENT'),
(158, '2023-04-24', 39, 'PRESENT'),
(159, '2023-04-25', 39, 'PRESENT'),
(160, '2023-04-26', 39, 'PRESENT'),
(161, '2023-04-27', 39, 'PRESENT'),
(162, '2023-04-28', 39, 'PRESENT'),
(163, '2023-04-18', 40, 'PRESENT'),
(164, '2023-04-19', 40, 'PRESENT'),
(165, '2023-04-20', 40, 'PRESENT'),
(166, '2023-04-21', 40, 'PRESENT'),
(167, '2023-04-24', 40, 'PRESENT'),
(168, '2023-04-25', 40, 'PRESENT'),
(169, '2023-04-26', 40, 'PRESENT'),
(170, '2023-04-27', 40, 'PRESENT'),
(171, '2023-04-28', 40, 'PRESENT'),
(172, '2023-04-18', 41, 'PRESENT'),
(173, '2023-04-19', 41, 'PRESENT'),
(174, '2023-04-20', 41, 'PRESENT'),
(175, '2023-04-21', 41, 'PRESENT'),
(176, '2023-04-24', 41, 'PRESENT'),
(177, '2023-04-25', 41, 'PRESENT'),
(178, '2023-04-26', 41, 'PRESENT'),
(179, '2023-04-27', 41, 'ABSENT'),
(180, '2023-04-28', 41, 'PRESENT'),
(181, '2023-04-21', 42, 'PRESENT'),
(182, '2023-04-24', 42, 'PRESENT'),
(183, '2023-04-25', 42, 'ABSENT'),
(184, '2023-04-26', 42, 'ABSENT'),
(185, '2023-04-27', 42, 'PRESENT'),
(186, '2023-04-28', 42, 'ABSENT'),
(187, '2023-05-02', 22, 'PRESENT'),
(188, '2023-05-03', 22, 'PRESENT'),
(189, '2023-05-04', 22, 'PRESENT'),
(190, '2023-05-08', 22, 'PRESENT'),
(191, '2023-05-09', 22, 'PRESENT'),
(192, '2023-05-10', 22, 'PRESENT'),
(193, '2023-05-11', 22, 'PRESENT'),
(194, '2023-05-12', 22, 'PRESENT'),
(195, '2023-05-15', 22, 'PRESENT'),
(196, '2023-05-16', 22, 'PRESENT'),
(197, '2023-05-17', 22, 'PRESENT'),
(198, '2023-05-18', 22, 'PRESENT'),
(199, '2023-05-19', 22, 'PRESENT'),
(200, '2023-05-22', 22, 'PRESENT'),
(201, '2023-05-23', 22, 'ABSENT'),
(202, '2023-05-24', 22, 'PRESENT'),
(203, '2023-05-25', 22, 'PRESENT'),
(204, '2023-05-26', 22, 'PRESENT'),
(205, '2023-05-29', 22, 'ABSENT'),
(206, '2023-05-30', 22, 'PRESENT'),
(207, '2023-05-31', 22, 'PRESENT'),
(208, '2023-05-02', 23, 'PRESENT'),
(209, '2023-05-03', 23, 'PRESENT'),
(210, '2023-05-04', 23, 'ABSENT'),
(211, '2023-05-08', 23, 'PRESENT'),
(212, '2023-05-09', 23, 'PRESENT'),
(213, '2023-05-10', 23, 'PRESENT'),
(214, '2023-05-11', 23, 'PRESENT'),
(215, '2023-05-12', 23, 'PRESENT'),
(216, '2023-05-15', 23, 'PRESENT'),
(217, '2023-05-16', 23, 'PRESENT'),
(218, '2023-05-17', 23, 'PRESENT'),
(219, '2023-05-18', 23, 'PRESENT'),
(220, '2023-05-19', 23, 'PRESENT'),
(221, '2023-05-22', 23, 'PRESENT'),
(222, '2023-05-23', 23, 'PRESENT'),
(223, '2023-05-24', 23, 'PRESENT'),
(224, '2023-05-25', 23, 'PRESENT'),
(225, '2023-05-26', 23, 'PRESENT'),
(226, '2023-05-29', 23, 'PRESENT'),
(227, '2023-05-30', 23, 'PRESENT'),
(228, '2023-05-31', 23, 'PRESENT'),
(229, '2023-05-02', 24, 'ABSENT'),
(230, '2023-05-03', 24, 'PRESENT'),
(231, '2023-05-04', 24, 'PRESENT'),
(232, '2023-05-08', 24, 'ABSENT'),
(233, '2023-05-09', 24, 'ABSENT'),
(234, '2023-05-10', 24, 'PRESENT'),
(235, '2023-05-11', 24, 'PRESENT'),
(236, '2023-05-12', 24, 'PRESENT'),
(237, '2023-05-15', 24, 'PRESENT'),
(238, '2023-05-16', 24, 'PRESENT'),
(239, '2023-05-17', 24, 'PRESENT'),
(240, '2023-05-18', 24, 'PRESENT'),
(241, '2023-05-19', 24, 'PRESENT'),
(242, '2023-05-22', 24, 'PRESENT'),
(243, '2023-05-23', 24, 'PRESENT'),
(244, '2023-05-24', 24, 'PRESENT'),
(245, '2023-05-25', 24, 'PRESENT'),
(246, '2023-05-26', 24, 'PRESENT'),
(247, '2023-05-29', 24, 'PRESENT'),
(248, '2023-05-30', 24, 'PRESENT'),
(249, '2023-05-31', 24, 'PRESENT'),
(250, '2023-05-02', 25, 'PRESENT'),
(251, '2023-05-03', 25, 'PRESENT'),
(252, '2023-05-04', 25, 'PRESENT'),
(253, '2023-05-08', 25, 'PRESENT'),
(254, '2023-05-09', 25, 'PRESENT'),
(255, '2023-05-10', 25, 'PRESENT'),
(256, '2023-05-11', 25, 'PRESENT'),
(257, '2023-05-12', 25, 'PRESENT'),
(258, '2023-05-15', 25, 'PRESENT'),
(259, '2023-05-16', 25, 'PRESENT'),
(260, '2023-05-17', 25, 'PRESENT'),
(261, '2023-05-18', 25, 'PRESENT'),
(262, '2023-05-19', 25, 'PRESENT'),
(263, '2023-05-22', 25, 'PRESENT'),
(264, '2023-05-23', 25, 'PRESENT'),
(265, '2023-05-24', 25, 'PRESENT'),
(266, '2023-05-25', 25, 'ABSENT'),
(267, '2023-05-26', 25, 'PRESENT'),
(268, '2023-05-29', 25, 'PRESENT'),
(269, '2023-05-30', 25, 'PRESENT'),
(270, '2023-05-31', 25, 'PRESENT'),
(271, '2023-05-02', 26, 'PRESENT'),
(272, '2023-05-03', 26, 'PRESENT'),
(273, '2023-05-04', 26, 'PRESENT'),
(274, '2023-05-08', 26, 'PRESENT'),
(275, '2023-05-09', 26, 'PRESENT'),
(276, '2023-05-10', 26, 'PRESENT'),
(277, '2023-05-11', 26, 'PRESENT'),
(278, '2023-05-12', 26, 'PRESENT'),
(279, '2023-05-15', 26, 'PRESENT'),
(280, '2023-05-16', 26, 'PRESENT'),
(281, '2023-05-17', 26, 'PRESENT'),
(282, '2023-05-18', 26, 'PRESENT'),
(283, '2023-05-19', 26, 'PRESENT'),
(284, '2023-05-22', 26, 'PRESENT'),
(285, '2023-05-23', 26, 'PRESENT'),
(286, '2023-05-24', 26, 'PRESENT'),
(287, '2023-05-25', 26, 'PRESENT'),
(288, '2023-05-26', 26, 'PRESENT'),
(289, '2023-05-29', 26, 'PRESENT'),
(290, '2023-05-30', 26, 'PRESENT'),
(291, '2023-05-31', 26, 'PRESENT'),
(292, '2023-05-02', 27, 'PRESENT'),
(293, '2023-05-03', 27, 'ABSENT'),
(294, '2023-05-04', 27, 'PRESENT'),
(295, '2023-05-08', 27, 'PRESENT'),
(296, '2023-05-09', 27, 'PRESENT'),
(297, '2023-05-10', 27, 'PRESENT'),
(298, '2023-05-11', 27, 'PRESENT'),
(299, '2023-05-12', 27, 'PRESENT'),
(300, '2023-05-15', 27, 'PRESENT'),
(301, '2023-05-16', 27, 'PRESENT'),
(302, '2023-05-17', 27, 'PRESENT'),
(303, '2023-05-18', 27, 'PRESENT'),
(304, '2023-05-19', 27, 'PRESENT'),
(305, '2023-05-22', 27, 'PRESENT'),
(306, '2023-05-23', 27, 'PRESENT'),
(307, '2023-05-24', 27, 'PRESENT'),
(308, '2023-05-25', 27, 'PRESENT'),
(309, '2023-05-26', 27, 'PRESENT'),
(310, '2023-05-29', 27, 'PRESENT'),
(311, '2023-05-30', 27, 'PRESENT'),
(312, '2023-05-31', 27, 'PRESENT'),
(313, '2023-05-02', 28, 'PRESENT'),
(314, '2023-05-03', 28, 'PRESENT'),
(315, '2023-05-04', 28, 'PRESENT'),
(316, '2023-05-08', 28, 'PRESENT'),
(317, '2023-05-09', 28, 'PRESENT'),
(318, '2023-05-10', 28, 'PRESENT'),
(319, '2023-05-11', 28, 'PRESENT'),
(320, '2023-05-12', 28, 'PRESENT'),
(321, '2023-05-15', 28, 'PRESENT'),
(322, '2023-05-16', 28, 'PRESENT'),
(323, '2023-05-17', 28, 'PRESENT'),
(324, '2023-05-18', 28, 'PRESENT'),
(325, '2023-05-19', 28, 'PRESENT'),
(326, '2023-05-22', 28, 'PRESENT'),
(327, '2023-05-23', 28, 'PRESENT'),
(328, '2023-05-24', 28, 'PRESENT'),
(329, '2023-05-25', 28, 'PRESENT'),
(330, '2023-05-26', 28, 'PRESENT'),
(331, '2023-05-29', 28, 'PRESENT'),
(332, '2023-05-30', 28, 'PRESENT'),
(333, '2023-05-31', 28, 'PRESENT'),
(334, '2023-05-02', 29, 'PRESENT'),
(335, '2023-05-03', 29, 'PRESENT'),
(336, '2023-05-04', 29, 'PRESENT'),
(337, '2023-05-08', 29, 'PRESENT'),
(338, '2023-05-09', 29, 'PRESENT'),
(339, '2023-05-10', 29, 'PRESENT'),
(340, '2023-05-11', 29, 'PRESENT'),
(341, '2023-05-12', 29, 'PRESENT'),
(342, '2023-05-15', 29, 'PRESENT'),
(343, '2023-05-16', 29, 'PRESENT'),
(344, '2023-05-17', 29, 'PRESENT'),
(345, '2023-05-18', 29, 'PRESENT'),
(346, '2023-05-19', 29, 'PRESENT'),
(347, '2023-05-22', 29, 'PRESENT'),
(348, '2023-05-23', 29, 'PRESENT'),
(349, '2023-05-24', 29, 'PRESENT'),
(350, '2023-05-25', 29, 'ABSENT'),
(351, '2023-05-26', 29, 'PRESENT'),
(352, '2023-05-29', 29, 'PRESENT'),
(353, '2023-05-30', 29, 'PRESENT'),
(354, '2023-05-31', 29, 'PRESENT'),
(355, '2023-05-02', 30, 'PRESENT'),
(356, '2023-05-03', 30, 'PRESENT'),
(357, '2023-05-04', 30, 'PRESENT'),
(358, '2023-05-08', 30, 'PRESENT'),
(359, '2023-05-09', 30, 'PRESENT'),
(360, '2023-05-10', 30, 'PRESENT'),
(361, '2023-05-11', 30, 'PRESENT'),
(362, '2023-05-12', 30, 'PRESENT'),
(363, '2023-05-15', 30, 'PRESENT'),
(364, '2023-05-16', 30, 'PRESENT'),
(365, '2023-05-17', 30, 'PRESENT'),
(366, '2023-05-18', 30, 'PRESENT'),
(367, '2023-05-19', 30, 'PRESENT'),
(368, '2023-05-22', 30, 'PRESENT'),
(369, '2023-05-23', 30, 'PRESENT'),
(370, '2023-05-24', 30, 'PRESENT'),
(371, '2023-05-25', 30, 'PRESENT'),
(372, '2023-05-26', 30, 'PRESENT'),
(373, '2023-05-29', 30, 'PRESENT'),
(374, '2023-05-30', 30, 'PRESENT'),
(375, '2023-05-31', 30, 'PRESENT'),
(376, '2023-05-02', 31, 'PRESENT'),
(377, '2023-05-03', 31, 'PRESENT'),
(378, '2023-05-04', 31, 'PRESENT'),
(379, '2023-05-08', 31, 'PRESENT'),
(380, '2023-05-09', 31, 'PRESENT'),
(381, '2023-05-10', 31, 'PRESENT'),
(382, '2023-05-11', 31, 'PRESENT'),
(383, '2023-05-12', 31, 'PRESENT'),
(384, '2023-05-15', 31, 'PRESENT'),
(385, '2023-05-16', 31, 'PRESENT'),
(386, '2023-05-17', 31, 'PRESENT'),
(387, '2023-05-18', 31, 'PRESENT'),
(388, '2023-05-19', 31, 'PRESENT'),
(389, '2023-05-22', 31, 'PRESENT'),
(390, '2023-05-23', 31, 'PRESENT'),
(391, '2023-05-24', 31, 'PRESENT'),
(392, '2023-05-25', 31, 'PRESENT'),
(393, '2023-05-26', 31, 'PRESENT'),
(394, '2023-05-29', 31, 'PRESENT'),
(395, '2023-05-30', 31, 'PRESENT'),
(396, '2023-05-31', 31, 'PRESENT'),
(397, '2023-05-02', 32, 'PRESENT'),
(398, '2023-05-03', 32, 'PRESENT'),
(399, '2023-05-04', 32, 'PRESENT'),
(400, '2023-05-08', 32, 'PRESENT'),
(401, '2023-05-09', 32, 'PRESENT'),
(402, '2023-05-10', 32, 'PRESENT'),
(403, '2023-05-11', 32, 'PRESENT'),
(404, '2023-05-12', 32, 'PRESENT'),
(405, '2023-05-15', 32, 'PRESENT'),
(406, '2023-05-16', 32, 'PRESENT'),
(407, '2023-05-17', 32, 'PRESENT'),
(408, '2023-05-18', 32, 'PRESENT'),
(409, '2023-05-19', 32, 'PRESENT'),
(410, '2023-05-22', 32, 'PRESENT'),
(411, '2023-05-23', 32, 'PRESENT'),
(412, '2023-05-24', 32, 'PRESENT'),
(413, '2023-05-25', 32, 'PRESENT'),
(414, '2023-05-26', 32, 'PRESENT'),
(415, '2023-05-29', 32, 'PRESENT'),
(416, '2023-05-30', 32, 'PRESENT'),
(417, '2023-05-31', 32, 'PRESENT'),
(418, '2023-05-02', 33, 'PRESENT'),
(419, '2023-05-03', 33, 'PRESENT'),
(420, '2023-05-04', 33, 'PRESENT'),
(421, '2023-05-08', 33, 'ABSENT'),
(422, '2023-05-09', 33, 'ABSENT'),
(423, '2023-05-10', 33, 'PRESENT'),
(424, '2023-05-11', 33, 'PRESENT'),
(425, '2023-05-12', 33, 'PRESENT'),
(426, '2023-05-15', 33, 'PRESENT'),
(427, '2023-05-16', 33, 'PRESENT'),
(428, '2023-05-17', 33, 'PRESENT'),
(429, '2023-05-18', 33, 'PRESENT'),
(430, '2023-05-19', 33, 'PRESENT'),
(431, '2023-05-22', 33, 'PRESENT'),
(432, '2023-05-23', 33, 'PRESENT'),
(433, '2023-05-24', 33, 'ABSENT'),
(434, '2023-05-25', 33, 'ABSENT'),
(435, '2023-05-26', 33, 'PRESENT'),
(436, '2023-05-29', 33, 'PRESENT'),
(437, '2023-05-30', 33, 'PRESENT'),
(438, '2023-05-31', 33, 'PRESENT'),
(439, '2023-05-02', 34, 'PRESENT'),
(440, '2023-05-03', 34, 'PRESENT'),
(441, '2023-05-04', 34, 'PRESENT'),
(442, '2023-05-08', 34, 'PRESENT'),
(443, '2023-05-09', 34, 'PRESENT'),
(444, '2023-05-10', 34, 'PRESENT'),
(445, '2023-05-11', 34, 'PRESENT'),
(446, '2023-05-12', 34, 'PRESENT'),
(447, '2023-05-15', 34, 'PRESENT'),
(448, '2023-05-16', 34, 'PRESENT'),
(449, '2023-05-17', 34, 'PRESENT'),
(450, '2023-05-18', 34, 'PRESENT'),
(451, '2023-05-19', 34, 'PRESENT'),
(452, '2023-05-22', 34, 'PRESENT'),
(453, '2023-05-23', 34, 'PRESENT'),
(454, '2023-05-24', 34, 'PRESENT'),
(455, '2023-05-25', 34, 'PRESENT'),
(456, '2023-05-26', 34, 'PRESENT'),
(457, '2023-05-29', 34, 'PRESENT'),
(458, '2023-05-30', 34, 'PRESENT'),
(459, '2023-05-31', 34, 'PRESENT'),
(460, '2023-05-02', 35, 'PRESENT'),
(461, '2023-05-03', 35, 'PRESENT'),
(462, '2023-05-04', 35, 'PRESENT'),
(463, '2023-05-08', 35, 'PRESENT'),
(464, '2023-05-09', 35, 'PRESENT'),
(465, '2023-05-10', 35, 'PRESENT'),
(466, '2023-05-11', 35, 'PRESENT'),
(467, '2023-05-12', 35, 'PRESENT'),
(468, '2023-05-15', 35, 'PRESENT'),
(469, '2023-05-16', 35, 'PRESENT'),
(470, '2023-05-17', 35, 'PRESENT'),
(471, '2023-05-18', 35, 'PRESENT'),
(472, '2023-05-19', 35, 'PRESENT'),
(473, '2023-05-22', 35, 'PRESENT'),
(474, '2023-05-23', 35, 'PRESENT'),
(475, '2023-05-24', 35, 'PRESENT'),
(476, '2023-05-25', 35, 'PRESENT'),
(477, '2023-05-26', 35, 'PRESENT'),
(478, '2023-05-29', 35, 'PRESENT'),
(479, '2023-05-30', 35, 'PRESENT'),
(480, '2023-05-31', 35, 'PRESENT'),
(481, '2023-05-02', 36, 'PRESENT'),
(482, '2023-05-03', 36, 'PRESENT'),
(483, '2023-05-04', 36, 'PRESENT'),
(484, '2023-05-08', 36, 'PRESENT'),
(485, '2023-05-09', 36, 'ABSENT'),
(486, '2023-05-10', 36, 'PRESENT'),
(487, '2023-05-11', 36, 'PRESENT'),
(488, '2023-05-12', 36, 'PRESENT'),
(489, '2023-05-15', 36, 'PRESENT'),
(490, '2023-05-16', 36, 'PRESENT'),
(491, '2023-05-17', 36, 'ABSENT'),
(492, '2023-05-18', 36, 'PRESENT'),
(493, '2023-05-19', 36, 'PRESENT'),
(494, '2023-05-22', 36, 'PRESENT'),
(495, '2023-05-23', 36, 'PRESENT'),
(496, '2023-05-24', 36, 'PRESENT'),
(497, '2023-05-25', 36, 'PRESENT'),
(498, '2023-05-26', 36, 'PRESENT'),
(499, '2023-05-29', 36, 'PRESENT'),
(500, '2023-05-30', 36, 'PRESENT'),
(501, '2023-05-31', 36, 'PRESENT'),
(502, '2023-05-02', 37, 'PRESENT'),
(503, '2023-05-03', 37, 'ABSENT'),
(504, '2023-05-04', 37, 'PRESENT'),
(505, '2023-05-08', 37, 'PRESENT'),
(506, '2023-05-09', 37, 'PRESENT'),
(507, '2023-05-10', 37, 'PRESENT'),
(508, '2023-05-11', 37, 'ABSENT'),
(509, '2023-05-12', 37, 'PRESENT'),
(510, '2023-05-15', 37, 'PRESENT'),
(511, '2023-05-16', 37, 'PRESENT'),
(512, '2023-05-17', 37, 'PRESENT'),
(513, '2023-05-18', 37, 'PRESENT'),
(514, '2023-05-19', 37, 'PRESENT'),
(515, '2023-05-22', 37, 'PRESENT'),
(516, '2023-05-23', 37, 'ABSENT'),
(517, '2023-05-24', 37, 'PRESENT'),
(518, '2023-05-25', 37, 'PRESENT'),
(519, '2023-05-26', 37, 'PRESENT'),
(520, '2023-05-29', 37, 'PRESENT'),
(521, '2023-05-30', 37, 'PRESENT'),
(522, '2023-05-31', 37, 'PRESENT'),
(523, '2023-05-02', 38, 'PRESENT'),
(524, '2023-05-03', 38, 'PRESENT'),
(525, '2023-05-04', 38, 'PRESENT'),
(526, '2023-05-08', 38, 'PRESENT'),
(527, '2023-05-09', 38, 'PRESENT'),
(528, '2023-05-10', 38, 'PRESENT'),
(529, '2023-05-11', 38, 'PRESENT'),
(530, '2023-05-12', 38, 'PRESENT'),
(531, '2023-05-15', 38, 'PRESENT'),
(532, '2023-05-16', 38, 'PRESENT'),
(533, '2023-05-17', 38, 'PRESENT'),
(534, '2023-05-18', 38, 'PRESENT'),
(535, '2023-05-19', 38, 'ABSENT'),
(536, '2023-05-22', 38, 'PRESENT'),
(537, '2023-05-23', 38, 'PRESENT'),
(538, '2023-05-24', 38, 'PRESENT'),
(539, '2023-05-25', 38, 'PRESENT'),
(540, '2023-05-26', 38, 'PRESENT'),
(541, '2023-05-29', 38, 'PRESENT'),
(542, '2023-05-30', 38, 'PRESENT'),
(543, '2023-05-31', 38, 'PRESENT'),
(544, '2023-05-02', 39, 'PRESENT'),
(545, '2023-05-03', 39, 'PRESENT'),
(546, '2023-05-04', 39, 'PRESENT'),
(547, '2023-05-08', 39, 'PRESENT'),
(548, '2023-05-09', 39, 'PRESENT'),
(549, '2023-05-10', 39, 'PRESENT'),
(550, '2023-05-11', 39, 'PRESENT'),
(551, '2023-05-12', 39, 'PRESENT'),
(552, '2023-05-15', 39, 'PRESENT'),
(553, '2023-05-16', 39, 'PRESENT'),
(554, '2023-05-17', 39, 'ABSENT'),
(555, '2023-05-18', 39, 'PRESENT'),
(556, '2023-05-19', 39, 'PRESENT'),
(557, '2023-05-22', 39, 'PRESENT'),
(558, '2023-05-23', 39, 'PRESENT'),
(559, '2023-05-24', 39, 'PRESENT'),
(560, '2023-05-25', 39, 'PRESENT'),
(561, '2023-05-26', 39, 'PRESENT'),
(562, '2023-05-29', 39, 'PRESENT'),
(563, '2023-05-30', 39, 'PRESENT'),
(564, '2023-05-31', 39, 'PRESENT'),
(565, '2023-05-02', 40, 'ABSENT'),
(566, '2023-05-03', 40, 'PRESENT'),
(567, '2023-05-04', 40, 'PRESENT'),
(568, '2023-05-08', 40, 'PRESENT'),
(569, '2023-05-09', 40, 'PRESENT'),
(570, '2023-05-10', 40, 'PRESENT'),
(571, '2023-05-11', 40, 'PRESENT'),
(572, '2023-05-12', 40, 'PRESENT'),
(573, '2023-05-15', 40, 'PRESENT'),
(574, '2023-05-16', 40, 'PRESENT'),
(575, '2023-05-17', 40, 'PRESENT'),
(576, '2023-05-18', 40, 'PRESENT'),
(577, '2023-05-19', 40, 'PRESENT'),
(578, '2023-05-22', 40, 'PRESENT'),
(579, '2023-05-23', 40, 'PRESENT'),
(580, '2023-05-24', 40, 'PRESENT'),
(581, '2023-05-25', 40, 'PRESENT'),
(582, '2023-05-26', 40, 'PRESENT'),
(583, '2023-05-29', 40, 'PRESENT'),
(584, '2023-05-30', 40, 'PRESENT'),
(585, '2023-05-31', 40, 'PRESENT'),
(586, '2023-05-02', 41, 'PRESENT'),
(587, '2023-05-03', 41, 'PRESENT'),
(588, '2023-05-04', 41, 'PRESENT'),
(589, '2023-05-08', 41, 'PRESENT'),
(590, '2023-05-09', 41, 'PRESENT'),
(591, '2023-05-10', 41, 'PRESENT'),
(592, '2023-05-11', 41, 'PRESENT'),
(593, '2023-05-12', 41, 'PRESENT'),
(594, '2023-05-15', 41, 'ABSENT'),
(595, '2023-05-16', 41, 'PRESENT'),
(596, '2023-05-17', 41, 'PRESENT'),
(597, '2023-05-18', 41, 'PRESENT'),
(598, '2023-05-19', 41, 'PRESENT'),
(599, '2023-05-22', 41, 'PRESENT'),
(600, '2023-05-23', 41, 'ABSENT'),
(601, '2023-05-24', 41, 'PRESENT'),
(602, '2023-05-25', 41, 'PRESENT'),
(603, '2023-05-26', 41, 'PRESENT'),
(604, '2023-05-29', 41, 'PRESENT'),
(605, '2023-05-30', 41, 'PRESENT'),
(606, '2023-05-31', 41, 'PRESENT'),
(607, '2023-05-02', 42, 'PRESENT'),
(608, '2023-05-03', 42, 'PRESENT'),
(609, '2023-05-04', 42, 'PRESENT'),
(610, '2023-05-08', 42, 'PRESENT'),
(611, '2023-05-09', 42, 'ABSENT'),
(612, '2023-05-10', 42, 'PRESENT'),
(613, '2023-05-11', 42, 'PRESENT'),
(614, '2023-05-12', 42, 'PRESENT'),
(615, '2023-05-15', 42, 'PRESENT'),
(616, '2023-05-16', 42, 'PRESENT'),
(617, '2023-05-17', 42, 'PRESENT'),
(618, '2023-05-18', 42, 'PRESENT'),
(619, '2023-05-19', 42, 'PRESENT'),
(620, '2023-05-22', 42, 'PRESENT'),
(621, '2023-05-23', 42, 'PRESENT'),
(622, '2023-05-24', 42, 'PRESENT'),
(623, '2023-05-25', 42, 'PRESENT'),
(624, '2023-05-26', 42, 'PRESENT'),
(625, '2023-05-29', 42, 'ABSENT'),
(626, '2023-05-30', 42, 'PRESENT'),
(627, '2023-05-31', 42, 'PRESENT'),
(628, '2023-06-01', 22, 'PRESENT'),
(629, '2023-06-02', 22, 'PRESENT'),
(630, '2023-06-05', 22, 'PRESENT'),
(631, '2023-06-06', 22, 'PRESENT'),
(632, '2023-06-07', 22, 'PRESENT'),
(633, '2023-06-08', 22, 'ABSENT'),
(634, '2023-06-12', 22, 'PRESENT'),
(635, '2023-06-13', 22, 'PRESENT'),
(636, '2023-06-14', 22, 'PRESENT'),
(637, '2023-06-15', 22, 'PRESENT'),
(638, '2023-06-16', 22, 'PRESENT'),
(639, '2023-06-19', 22, 'ABSENT'),
(640, '2023-06-20', 22, 'PRESENT'),
(641, '2023-06-21', 22, 'PRESENT'),
(642, '2023-06-22', 22, 'PRESENT'),
(643, '2023-06-23', 22, 'PRESENT'),
(644, '2023-06-26', 22, 'PRESENT'),
(645, '2023-06-27', 22, 'PRESENT'),
(646, '2023-06-28', 22, 'PRESENT'),
(647, '2023-06-30', 22, 'PRESENT'),
(648, '2023-06-01', 23, 'PRESENT'),
(649, '2023-06-02', 23, 'PRESENT'),
(650, '2023-06-05', 23, 'ABSENT'),
(651, '2023-06-06', 23, 'PRESENT'),
(652, '2023-06-07', 23, 'PRESENT'),
(653, '2023-06-08', 23, 'PRESENT'),
(654, '2023-06-12', 23, 'PRESENT'),
(655, '2023-06-13', 23, 'PRESENT'),
(656, '2023-06-14', 23, 'PRESENT'),
(657, '2023-06-15', 23, 'PRESENT'),
(658, '2023-06-16', 23, 'PRESENT'),
(659, '2023-06-19', 23, 'PRESENT'),
(660, '2023-06-20', 23, 'PRESENT'),
(661, '2023-06-21', 23, 'PRESENT'),
(662, '2023-06-22', 23, 'PRESENT'),
(663, '2023-06-23', 23, 'PRESENT'),
(664, '2023-06-26', 23, 'PRESENT'),
(665, '2023-06-27', 23, 'PRESENT'),
(666, '2023-06-28', 23, 'PRESENT'),
(667, '2023-06-30', 23, 'PRESENT'),
(668, '2023-06-01', 24, 'PRESENT'),
(669, '2023-06-02', 24, 'PRESENT'),
(670, '2023-06-05', 24, 'PRESENT'),
(671, '2023-06-06', 24, 'PRESENT'),
(672, '2023-06-07', 24, 'PRESENT'),
(673, '2023-06-08', 24, 'PRESENT'),
(674, '2023-06-12', 24, 'PRESENT'),
(675, '2023-06-13', 24, 'PRESENT'),
(676, '2023-06-14', 24, 'PRESENT'),
(677, '2023-06-15', 24, 'PRESENT'),
(678, '2023-06-16', 24, 'PRESENT'),
(679, '2023-06-19', 24, 'PRESENT'),
(680, '2023-06-20', 24, 'PRESENT'),
(681, '2023-06-21', 24, 'PRESENT'),
(682, '2023-06-22', 24, 'PRESENT'),
(683, '2023-06-23', 24, 'PRESENT'),
(684, '2023-06-26', 24, 'PRESENT'),
(685, '2023-06-27', 24, 'PRESENT'),
(686, '2023-06-28', 24, 'PRESENT'),
(687, '2023-06-30', 24, 'PRESENT'),
(688, '2023-06-01', 25, 'PRESENT'),
(689, '2023-06-02', 25, 'PRESENT'),
(690, '2023-06-05', 25, 'PRESENT'),
(691, '2023-06-06', 25, 'PRESENT'),
(692, '2023-06-07', 25, 'PRESENT'),
(693, '2023-06-08', 25, 'PRESENT'),
(694, '2023-06-12', 25, 'PRESENT'),
(695, '2023-06-13', 25, 'PRESENT'),
(696, '2023-06-14', 25, 'PRESENT'),
(697, '2023-06-15', 25, 'PRESENT'),
(698, '2023-06-16', 25, 'PRESENT'),
(699, '2023-06-19', 25, 'PRESENT'),
(700, '2023-06-20', 25, 'ABSENT'),
(701, '2023-06-21', 25, 'PRESENT'),
(702, '2023-06-22', 25, 'PRESENT'),
(703, '2023-06-23', 25, 'ABSENT'),
(704, '2023-06-26', 25, 'PRESENT'),
(705, '2023-06-27', 25, 'PRESENT'),
(706, '2023-06-28', 25, 'PRESENT'),
(707, '2023-06-30', 25, 'PRESENT'),
(708, '2023-06-01', 26, 'PRESENT'),
(709, '2023-06-02', 26, 'PRESENT'),
(710, '2023-06-05', 26, 'PRESENT'),
(711, '2023-06-06', 26, 'PRESENT'),
(712, '2023-06-07', 26, 'PRESENT'),
(713, '2023-06-08', 26, 'PRESENT'),
(714, '2023-06-12', 26, 'PRESENT'),
(715, '2023-06-13', 26, 'PRESENT'),
(716, '2023-06-14', 26, 'PRESENT'),
(717, '2023-06-15', 26, 'PRESENT'),
(718, '2023-06-16', 26, 'PRESENT'),
(719, '2023-06-19', 26, 'PRESENT'),
(720, '2023-06-20', 26, 'ABSENT'),
(721, '2023-06-21', 26, 'PRESENT'),
(722, '2023-06-22', 26, 'PRESENT'),
(723, '2023-06-23', 26, 'ABSENT'),
(724, '2023-06-26', 26, 'PRESENT'),
(725, '2023-06-27', 26, 'PRESENT'),
(726, '2023-06-28', 26, 'PRESENT'),
(727, '2023-06-30', 26, 'PRESENT'),
(728, '2023-06-01', 27, 'PRESENT'),
(729, '2023-06-02', 27, 'PRESENT'),
(730, '2023-06-05', 27, 'ABSENT'),
(731, '2023-06-06', 27, 'PRESENT'),
(732, '2023-06-07', 27, 'PRESENT'),
(733, '2023-06-08', 27, 'PRESENT'),
(734, '2023-06-12', 27, 'PRESENT'),
(735, '2023-06-13', 27, 'PRESENT'),
(736, '2023-06-14', 27, 'PRESENT'),
(737, '2023-06-15', 27, 'PRESENT'),
(738, '2023-06-16', 27, 'PRESENT'),
(739, '2023-06-19', 27, 'PRESENT'),
(740, '2023-06-20', 27, 'PRESENT'),
(741, '2023-06-21', 27, 'PRESENT'),
(742, '2023-06-22', 27, 'PRESENT'),
(743, '2023-06-23', 27, 'PRESENT'),
(744, '2023-06-26', 27, 'PRESENT'),
(745, '2023-06-27', 27, 'PRESENT'),
(746, '2023-06-28', 27, 'PRESENT'),
(747, '2023-06-30', 27, 'PRESENT'),
(748, '2023-06-01', 28, 'PRESENT'),
(749, '2023-06-02', 28, 'PRESENT'),
(750, '2023-06-05', 28, 'PRESENT'),
(751, '2023-06-06', 28, 'PRESENT'),
(752, '2023-06-07', 28, 'PRESENT'),
(753, '2023-06-08', 28, 'PRESENT'),
(754, '2023-06-12', 28, 'PRESENT'),
(755, '2023-06-13', 28, 'PRESENT'),
(756, '2023-06-14', 28, 'PRESENT'),
(757, '2023-06-15', 28, 'PRESENT'),
(758, '2023-06-16', 28, 'PRESENT'),
(759, '2023-06-19', 28, 'PRESENT'),
(760, '2023-06-20', 28, 'PRESENT'),
(761, '2023-06-21', 28, 'PRESENT'),
(762, '2023-06-22', 28, 'PRESENT'),
(763, '2023-06-23', 28, 'ABSENT'),
(764, '2023-06-26', 28, 'PRESENT'),
(765, '2023-06-27', 28, 'PRESENT'),
(766, '2023-06-28', 28, 'PRESENT'),
(767, '2023-06-30', 28, 'PRESENT'),
(768, '2023-06-01', 29, 'PRESENT'),
(769, '2023-06-02', 29, 'PRESENT'),
(770, '2023-06-05', 29, 'PRESENT'),
(771, '2023-06-06', 29, 'PRESENT'),
(772, '2023-06-07', 29, 'PRESENT'),
(773, '2023-06-08', 29, 'PRESENT'),
(774, '2023-06-12', 29, 'PRESENT'),
(775, '2023-06-13', 29, 'ABSENT'),
(776, '2023-06-14', 29, 'PRESENT'),
(777, '2023-06-15', 29, 'ABSENT'),
(778, '2023-06-16', 29, 'PRESENT'),
(779, '2023-06-19', 29, 'PRESENT'),
(780, '2023-06-20', 29, 'PRESENT'),
(781, '2023-06-21', 29, 'PRESENT'),
(782, '2023-06-22', 29, 'PRESENT'),
(783, '2023-06-23', 29, 'PRESENT'),
(784, '2023-06-26', 29, 'PRESENT'),
(785, '2023-06-27', 29, 'PRESENT'),
(786, '2023-06-28', 29, 'PRESENT'),
(787, '2023-06-30', 29, 'PRESENT'),
(788, '2023-06-01', 30, 'PRESENT'),
(789, '2023-06-02', 30, 'PRESENT'),
(790, '2023-06-05', 30, 'PRESENT'),
(791, '2023-06-06', 30, 'PRESENT'),
(792, '2023-06-07', 30, 'PRESENT'),
(793, '2023-06-08', 30, 'PRESENT'),
(794, '2023-06-12', 30, 'PRESENT'),
(795, '2023-06-13', 30, 'PRESENT'),
(796, '2023-06-14', 30, 'PRESENT'),
(797, '2023-06-15', 30, 'PRESENT'),
(798, '2023-06-16', 30, 'PRESENT'),
(799, '2023-06-19', 30, 'PRESENT'),
(800, '2023-06-20', 30, 'PRESENT'),
(801, '2023-06-21', 30, 'PRESENT'),
(802, '2023-06-22', 30, 'PRESENT'),
(803, '2023-06-23', 30, 'PRESENT'),
(804, '2023-06-26', 30, 'PRESENT'),
(805, '2023-06-27', 30, 'PRESENT'),
(806, '2023-06-28', 30, 'PRESENT'),
(807, '2023-06-30', 30, 'PRESENT'),
(808, '2023-06-01', 31, 'PRESENT'),
(809, '2023-06-02', 31, 'PRESENT'),
(810, '2023-06-05', 31, 'PRESENT'),
(811, '2023-06-06', 31, 'PRESENT'),
(812, '2023-06-07', 31, 'PRESENT'),
(813, '2023-06-08', 31, 'ABSENT'),
(814, '2023-06-12', 31, 'PRESENT'),
(815, '2023-06-13', 31, 'PRESENT'),
(816, '2023-06-14', 31, 'PRESENT'),
(817, '2023-06-15', 31, 'PRESENT'),
(818, '2023-06-16', 31, 'PRESENT'),
(819, '2023-06-19', 31, 'PRESENT'),
(820, '2023-06-20', 31, 'PRESENT'),
(821, '2023-06-21', 31, 'PRESENT'),
(822, '2023-06-22', 31, 'PRESENT'),
(823, '2023-06-23', 31, 'ABSENT'),
(824, '2023-06-26', 31, 'PRESENT'),
(825, '2023-06-27', 31, 'PRESENT'),
(826, '2023-06-28', 31, 'PRESENT'),
(827, '2023-06-30', 31, 'PRESENT'),
(828, '2023-06-01', 32, 'PRESENT'),
(829, '2023-06-02', 32, 'PRESENT'),
(830, '2023-06-05', 32, 'PRESENT'),
(831, '2023-06-06', 32, 'PRESENT'),
(832, '2023-06-07', 32, 'PRESENT'),
(833, '2023-06-08', 32, 'PRESENT'),
(834, '2023-06-12', 32, 'PRESENT'),
(835, '2023-06-13', 32, 'PRESENT'),
(836, '2023-06-14', 32, 'PRESENT'),
(837, '2023-06-15', 32, 'PRESENT'),
(838, '2023-06-16', 32, 'PRESENT'),
(839, '2023-06-19', 32, 'PRESENT'),
(840, '2023-06-20', 32, 'PRESENT'),
(841, '2023-06-21', 32, 'PRESENT'),
(842, '2023-06-22', 32, 'PRESENT'),
(843, '2023-06-23', 32, 'PRESENT'),
(844, '2023-06-26', 32, 'PRESENT'),
(845, '2023-06-27', 32, 'PRESENT'),
(846, '2023-06-28', 32, 'PRESENT'),
(847, '2023-06-30', 32, 'PRESENT'),
(848, '2023-06-01', 33, 'PRESENT'),
(849, '2023-06-02', 33, 'PRESENT'),
(850, '2023-06-05', 33, 'PRESENT'),
(851, '2023-06-06', 33, 'PRESENT'),
(852, '2023-06-07', 33, 'PRESENT'),
(853, '2023-06-08', 33, 'PRESENT'),
(854, '2023-06-12', 33, 'PRESENT'),
(855, '2023-06-13', 33, 'PRESENT'),
(856, '2023-06-14', 33, 'PRESENT'),
(857, '2023-06-15', 33, 'PRESENT'),
(858, '2023-06-16', 33, 'PRESENT'),
(859, '2023-06-19', 33, 'PRESENT'),
(860, '2023-06-20', 33, 'ABSENT'),
(861, '2023-06-21', 33, 'PRESENT'),
(862, '2023-06-22', 33, 'PRESENT'),
(863, '2023-06-23', 33, 'ABSENT'),
(864, '2023-06-26', 33, 'PRESENT'),
(865, '2023-06-27', 33, 'ABSENT'),
(866, '2023-06-28', 33, 'PRESENT'),
(867, '2023-06-30', 33, 'PRESENT'),
(868, '2023-06-01', 34, 'PRESENT'),
(869, '2023-06-02', 34, 'PRESENT'),
(870, '2023-06-05', 34, 'PRESENT'),
(871, '2023-06-06', 34, 'PRESENT'),
(872, '2023-06-07', 34, 'PRESENT'),
(873, '2023-06-08', 34, 'PRESENT'),
(874, '2023-06-12', 34, 'PRESENT'),
(875, '2023-06-13', 34, 'PRESENT'),
(876, '2023-06-14', 34, 'PRESENT'),
(877, '2023-06-15', 34, 'PRESENT'),
(878, '2023-06-16', 34, 'PRESENT'),
(879, '2023-06-19', 34, 'PRESENT'),
(880, '2023-06-20', 34, 'PRESENT'),
(881, '2023-06-21', 34, 'PRESENT'),
(882, '2023-06-22', 34, 'PRESENT'),
(883, '2023-06-23', 34, 'PRESENT'),
(884, '2023-06-26', 34, 'PRESENT'),
(885, '2023-06-27', 34, 'PRESENT'),
(886, '2023-06-28', 34, 'PRESENT'),
(887, '2023-06-30', 34, 'PRESENT'),
(888, '2023-06-01', 35, 'PRESENT'),
(889, '2023-06-02', 35, 'PRESENT'),
(890, '2023-06-05', 35, 'PRESENT'),
(891, '2023-06-06', 35, 'PRESENT'),
(892, '2023-06-07', 35, 'PRESENT'),
(893, '2023-06-08', 35, 'PRESENT'),
(894, '2023-06-12', 35, 'PRESENT'),
(895, '2023-06-13', 35, 'PRESENT'),
(896, '2023-06-14', 35, 'PRESENT'),
(897, '2023-06-15', 35, 'PRESENT'),
(898, '2023-06-16', 35, 'PRESENT'),
(899, '2023-06-19', 35, 'PRESENT'),
(900, '2023-06-20', 35, 'PRESENT'),
(901, '2023-06-21', 35, 'PRESENT'),
(902, '2023-06-22', 35, 'PRESENT'),
(903, '2023-06-23', 35, 'ABSENT'),
(904, '2023-06-26', 35, 'PRESENT'),
(905, '2023-06-27', 35, 'PRESENT'),
(906, '2023-06-28', 35, 'PRESENT'),
(907, '2023-06-30', 35, 'PRESENT'),
(908, '2023-06-01', 36, 'PRESENT'),
(909, '2023-06-02', 36, 'ABSENT'),
(910, '2023-06-05', 36, 'PRESENT'),
(911, '2023-06-06', 36, 'PRESENT'),
(912, '2023-06-07', 36, 'PRESENT'),
(913, '2023-06-08', 36, 'PRESENT'),
(914, '2023-06-12', 36, 'PRESENT'),
(915, '2023-06-13', 36, 'PRESENT'),
(916, '2023-06-14', 36, 'PRESENT'),
(917, '2023-06-15', 36, 'PRESENT'),
(918, '2023-06-16', 36, 'PRESENT'),
(919, '2023-06-19', 36, 'ABSENT'),
(920, '2023-06-20', 36, 'PRESENT'),
(921, '2023-06-21', 36, 'PRESENT'),
(922, '2023-06-22', 36, 'PRESENT'),
(923, '2023-06-23', 36, 'PRESENT'),
(924, '2023-06-26', 36, 'PRESENT'),
(925, '2023-06-27', 36, 'PRESENT'),
(926, '2023-06-28', 36, 'PRESENT'),
(927, '2023-06-30', 36, 'PRESENT'),
(928, '2023-06-01', 37, 'ABSENT'),
(929, '2023-06-02', 37, 'PRESENT'),
(930, '2023-06-05', 37, 'ABSENT'),
(931, '2023-06-06', 37, 'PRESENT'),
(932, '2023-06-07', 37, 'ABSENT'),
(933, '2023-06-08', 37, 'ABSENT'),
(934, '2023-06-12', 37, 'PRESENT'),
(935, '2023-06-13', 37, 'PRESENT'),
(936, '2023-06-14', 37, 'PRESENT'),
(937, '2023-06-15', 37, 'ABSENT'),
(938, '2023-06-16', 37, 'PRESENT'),
(939, '2023-06-19', 37, 'PRESENT'),
(940, '2023-06-20', 37, 'PRESENT'),
(941, '2023-06-21', 37, 'ABSENT'),
(942, '2023-06-22', 37, 'PRESENT'),
(943, '2023-06-23', 37, 'PRESENT'),
(944, '2023-06-26', 37, 'PRESENT'),
(945, '2023-06-27', 37, 'PRESENT'),
(946, '2023-06-28', 37, 'PRESENT'),
(947, '2023-06-30', 37, 'PRESENT'),
(948, '2023-06-01', 38, 'PRESENT'),
(949, '2023-06-02', 38, 'PRESENT'),
(950, '2023-06-05', 38, 'PRESENT'),
(951, '2023-06-06', 38, 'PRESENT'),
(952, '2023-06-07', 38, 'PRESENT'),
(953, '2023-06-08', 38, 'PRESENT'),
(954, '2023-06-12', 38, 'PRESENT'),
(955, '2023-06-13', 38, 'PRESENT'),
(956, '2023-06-14', 38, 'PRESENT'),
(957, '2023-06-15', 38, 'PRESENT'),
(958, '2023-06-16', 38, 'PRESENT'),
(959, '2023-06-19', 38, 'PRESENT'),
(960, '2023-06-20', 38, 'PRESENT'),
(961, '2023-06-21', 38, 'PRESENT'),
(962, '2023-06-22', 38, 'PRESENT'),
(963, '2023-06-23', 38, 'ABSENT'),
(964, '2023-06-26', 38, 'PRESENT'),
(965, '2023-06-27', 38, 'PRESENT'),
(966, '2023-06-28', 38, 'PRESENT'),
(967, '2023-06-30', 38, 'PRESENT'),
(968, '2023-06-01', 39, 'PRESENT'),
(969, '2023-06-02', 39, 'PRESENT'),
(970, '2023-06-05', 39, 'PRESENT'),
(971, '2023-06-06', 39, 'PRESENT'),
(972, '2023-06-07', 39, 'PRESENT'),
(973, '2023-06-08', 39, 'PRESENT'),
(974, '2023-06-12', 39, 'PRESENT'),
(975, '2023-06-13', 39, 'PRESENT'),
(976, '2023-06-14', 39, 'PRESENT'),
(977, '2023-06-15', 39, 'PRESENT'),
(978, '2023-06-16', 39, 'PRESENT'),
(979, '2023-06-19', 39, 'PRESENT'),
(980, '2023-06-20', 39, 'PRESENT'),
(981, '2023-06-21', 39, 'PRESENT'),
(982, '2023-06-22', 39, 'PRESENT'),
(983, '2023-06-23', 39, 'PRESENT'),
(984, '2023-06-26', 39, 'PRESENT'),
(985, '2023-06-27', 39, 'PRESENT'),
(986, '2023-06-28', 39, 'PRESENT'),
(987, '2023-06-30', 39, 'PRESENT'),
(988, '2023-06-01', 40, 'PRESENT'),
(989, '2023-06-02', 40, 'PRESENT'),
(990, '2023-06-05', 40, 'PRESENT'),
(991, '2023-06-06', 40, 'PRESENT'),
(992, '2023-06-07', 40, 'PRESENT'),
(993, '2023-06-08', 40, 'PRESENT'),
(994, '2023-06-12', 40, 'PRESENT'),
(995, '2023-06-13', 40, 'PRESENT'),
(996, '2023-06-14', 40, 'PRESENT'),
(997, '2023-06-15', 40, 'ABSENT'),
(998, '2023-06-16', 40, 'PRESENT'),
(999, '2023-06-19', 40, 'PRESENT'),
(1000, '2023-06-20', 40, 'ABSENT'),
(1001, '2023-06-21', 40, 'PRESENT'),
(1002, '2023-06-22', 40, 'PRESENT'),
(1003, '2023-06-23', 40, 'ABSENT'),
(1004, '2023-06-26', 40, 'PRESENT'),
(1005, '2023-06-27', 40, 'PRESENT'),
(1006, '2023-06-28', 40, 'PRESENT'),
(1007, '2023-06-30', 40, 'PRESENT'),
(1008, '2023-06-01', 41, 'PRESENT'),
(1009, '2023-06-02', 41, 'PRESENT'),
(1010, '2023-06-05', 41, 'PRESENT'),
(1011, '2023-06-06', 41, 'PRESENT'),
(1012, '2023-06-07', 41, 'PRESENT'),
(1013, '2023-06-08', 41, 'PRESENT'),
(1014, '2023-06-12', 41, 'PRESENT'),
(1015, '2023-06-13', 41, 'PRESENT'),
(1016, '2023-06-14', 41, 'PRESENT'),
(1017, '2023-06-15', 41, 'PRESENT'),
(1018, '2023-06-16', 41, 'PRESENT'),
(1019, '2023-06-19', 41, 'PRESENT'),
(1020, '2023-06-20', 41, 'PRESENT'),
(1021, '2023-06-21', 41, 'PRESENT'),
(1022, '2023-06-22', 41, 'PRESENT'),
(1023, '2023-06-23', 41, 'ABSENT'),
(1024, '2023-06-26', 41, 'PRESENT'),
(1025, '2023-06-27', 41, 'PRESENT'),
(1026, '2023-06-28', 41, 'PRESENT'),
(1027, '2023-06-30', 41, 'PRESENT'),
(1028, '2023-06-01', 42, 'PRESENT'),
(1029, '2023-06-02', 42, 'PRESENT'),
(1030, '2023-06-05', 42, 'PRESENT'),
(1031, '2023-06-06', 42, 'PRESENT'),
(1032, '2023-06-07', 42, 'PRESENT'),
(1033, '2023-06-08', 42, 'PRESENT'),
(1034, '2023-06-12', 42, 'PRESENT'),
(1035, '2023-06-13', 42, 'PRESENT'),
(1036, '2023-06-14', 42, 'PRESENT'),
(1037, '2023-06-15', 42, 'PRESENT'),
(1038, '2023-06-16', 42, 'PRESENT'),
(1039, '2023-06-19', 42, 'PRESENT'),
(1040, '2023-06-20', 42, 'PRESENT'),
(1041, '2023-06-21', 42, 'ABSENT'),
(1042, '2023-06-22', 42, 'PRESENT'),
(1043, '2023-06-23', 42, 'PRESENT'),
(1044, '2023-06-26', 42, 'PRESENT'),
(1045, '2023-06-27', 42, 'PRESENT'),
(1046, '2023-06-28', 42, 'ABSENT'),
(1047, '2023-06-30', 42, 'PRESENT'),
(1048, '2023-07-04', 22, 'PRESENT'),
(1049, '2023-07-05', 22, 'PRESENT'),
(1050, '2023-07-06', 22, 'PRESENT'),
(1051, '2023-07-07', 22, 'PRESENT'),
(1052, '2023-07-10', 22, 'ABSENT'),
(1053, '2023-07-11', 22, 'ABSENT'),
(1054, '2023-07-12', 22, 'PRESENT'),
(1055, '2023-07-13', 22, 'PRESENT'),
(1056, '2023-07-14', 22, 'PRESENT'),
(1057, '2023-07-17', 22, 'PRESENT'),
(1058, '2023-07-18', 22, 'PRESENT'),
(1059, '2023-07-19', 22, 'PRESENT'),
(1060, '2023-07-20', 22, 'PRESENT'),
(1061, '2023-07-21', 22, 'PRESENT'),
(1062, '2023-07-24', 22, 'ABSENT'),
(1063, '2023-07-25', 22, 'PRESENT'),
(1064, '2023-07-26', 22, 'PRESENT'),
(1065, '2023-07-27', 22, 'PRESENT'),
(1066, '2023-07-28', 22, 'PRESENT'),
(1067, '2023-07-31', 22, 'PRESENT'),
(1068, '2023-07-04', 23, 'PRESENT'),
(1069, '2023-07-05', 23, 'PRESENT'),
(1070, '2023-07-06', 23, 'PRESENT'),
(1071, '2023-07-07', 23, 'PRESENT'),
(1072, '2023-07-10', 23, 'PRESENT'),
(1073, '2023-07-11', 23, 'PRESENT'),
(1074, '2023-07-12', 23, 'PRESENT'),
(1075, '2023-07-13', 23, 'PRESENT'),
(1076, '2023-07-14', 23, 'PRESENT'),
(1077, '2023-07-17', 23, 'PRESENT'),
(1078, '2023-07-18', 23, 'PRESENT'),
(1079, '2023-07-19', 23, 'PRESENT'),
(1080, '2023-07-20', 23, 'PRESENT'),
(1081, '2023-07-21', 23, 'PRESENT'),
(1082, '2023-07-24', 23, 'PRESENT'),
(1083, '2023-07-25', 23, 'PRESENT'),
(1084, '2023-07-26', 23, 'PRESENT'),
(1085, '2023-07-27', 23, 'PRESENT'),
(1086, '2023-07-28', 23, 'PRESENT'),
(1087, '2023-07-31', 23, 'ABSENT'),
(1088, '2023-07-04', 24, 'PRESENT'),
(1089, '2023-07-05', 24, 'PRESENT'),
(1090, '2023-07-06', 24, 'PRESENT'),
(1091, '2023-07-07', 24, 'PRESENT'),
(1092, '2023-07-10', 24, 'ABSENT'),
(1093, '2023-07-11', 24, 'PRESENT'),
(1094, '2023-07-12', 24, 'PRESENT'),
(1095, '2023-07-13', 24, 'PRESENT'),
(1096, '2023-07-14', 24, 'PRESENT'),
(1097, '2023-07-17', 24, 'PRESENT'),
(1098, '2023-07-18', 24, 'PRESENT'),
(1099, '2023-07-19', 24, 'PRESENT'),
(1100, '2023-07-20', 24, 'PRESENT'),
(1101, '2023-07-21', 24, 'PRESENT'),
(1102, '2023-07-24', 24, 'PRESENT'),
(1103, '2023-07-25', 24, 'PRESENT'),
(1104, '2023-07-26', 24, 'PRESENT'),
(1105, '2023-07-27', 24, 'ABSENT'),
(1106, '2023-07-28', 24, 'PRESENT'),
(1107, '2023-07-31', 24, 'PRESENT'),
(1108, '2023-07-04', 25, 'PRESENT'),
(1109, '2023-07-05', 25, 'PRESENT'),
(1110, '2023-07-06', 25, 'PRESENT'),
(1111, '2023-07-07', 25, 'PRESENT'),
(1112, '2023-07-10', 25, 'PRESENT'),
(1113, '2023-07-11', 25, 'ABSENT'),
(1114, '2023-07-12', 25, 'ABSENT'),
(1115, '2023-07-13', 25, 'PRESENT'),
(1116, '2023-07-14', 25, 'PRESENT'),
(1117, '2023-07-17', 25, 'PRESENT'),
(1118, '2023-07-18', 25, 'PRESENT'),
(1119, '2023-07-19', 25, 'PRESENT'),
(1120, '2023-07-20', 25, 'PRESENT'),
(1121, '2023-07-21', 25, 'PRESENT'),
(1122, '2023-07-24', 25, 'PRESENT'),
(1123, '2023-07-25', 25, 'PRESENT'),
(1124, '2023-07-26', 25, 'PRESENT'),
(1125, '2023-07-27', 25, 'PRESENT'),
(1126, '2023-07-28', 25, 'PRESENT'),
(1127, '2023-07-31', 25, 'PRESENT'),
(1128, '2023-07-04', 26, 'PRESENT'),
(1129, '2023-07-05', 26, 'PRESENT'),
(1130, '2023-07-06', 26, 'PRESENT'),
(1131, '2023-07-07', 26, 'PRESENT'),
(1132, '2023-07-10', 26, 'ABSENT'),
(1133, '2023-07-11', 26, 'PRESENT'),
(1134, '2023-07-12', 26, 'PRESENT'),
(1135, '2023-07-13', 26, 'PRESENT'),
(1136, '2023-07-14', 26, 'PRESENT'),
(1137, '2023-07-17', 26, 'PRESENT'),
(1138, '2023-07-18', 26, 'PRESENT'),
(1139, '2023-07-19', 26, 'PRESENT'),
(1140, '2023-07-20', 26, 'PRESENT'),
(1141, '2023-07-21', 26, 'PRESENT'),
(1142, '2023-07-24', 26, 'PRESENT'),
(1143, '2023-07-25', 26, 'PRESENT'),
(1144, '2023-07-26', 26, 'PRESENT'),
(1145, '2023-07-27', 26, 'PRESENT'),
(1146, '2023-07-28', 26, 'PRESENT'),
(1147, '2023-07-31', 26, 'PRESENT'),
(1148, '2023-07-04', 27, 'PRESENT'),
(1149, '2023-07-05', 27, 'PRESENT'),
(1150, '2023-07-06', 27, 'PRESENT'),
(1151, '2023-07-07', 27, 'PRESENT'),
(1152, '2023-07-10', 27, 'PRESENT'),
(1153, '2023-07-11', 27, 'ABSENT'),
(1154, '2023-07-12', 27, 'PRESENT'),
(1155, '2023-07-13', 27, 'PRESENT'),
(1156, '2023-07-14', 27, 'PRESENT'),
(1157, '2023-07-17', 27, 'PRESENT'),
(1158, '2023-07-18', 27, 'PRESENT'),
(1159, '2023-07-19', 27, 'PRESENT'),
(1160, '2023-07-20', 27, 'PRESENT'),
(1161, '2023-07-21', 27, 'PRESENT'),
(1162, '2023-07-24', 27, 'PRESENT'),
(1163, '2023-07-25', 27, 'PRESENT'),
(1164, '2023-07-26', 27, 'PRESENT'),
(1165, '2023-07-27', 27, 'PRESENT'),
(1166, '2023-07-28', 27, 'PRESENT'),
(1167, '2023-07-31', 27, 'PRESENT'),
(1168, '2023-07-04', 28, 'PRESENT'),
(1169, '2023-07-05', 28, 'ABSENT'),
(1170, '2023-07-06', 28, 'PRESENT'),
(1171, '2023-07-07', 28, 'PRESENT'),
(1172, '2023-07-10', 28, 'PRESENT'),
(1173, '2023-07-11', 28, 'PRESENT'),
(1174, '2023-07-12', 28, 'PRESENT'),
(1175, '2023-07-13', 28, 'PRESENT'),
(1176, '2023-07-14', 28, 'PRESENT'),
(1177, '2023-07-17', 28, 'PRESENT'),
(1178, '2023-07-18', 28, 'PRESENT'),
(1179, '2023-07-19', 28, 'PRESENT'),
(1180, '2023-07-20', 28, 'PRESENT'),
(1181, '2023-07-21', 28, 'PRESENT'),
(1182, '2023-07-24', 28, 'PRESENT'),
(1183, '2023-07-25', 28, 'PRESENT'),
(1184, '2023-07-26', 28, 'PRESENT'),
(1185, '2023-07-27', 28, 'PRESENT'),
(1186, '2023-07-28', 28, 'PRESENT'),
(1187, '2023-07-31', 28, 'PRESENT'),
(1188, '2023-07-04', 29, 'ABSENT'),
(1189, '2023-07-05', 29, 'PRESENT'),
(1190, '2023-07-06', 29, 'PRESENT'),
(1191, '2023-07-07', 29, 'PRESENT'),
(1192, '2023-07-10', 29, 'ABSENT'),
(1193, '2023-07-11', 29, 'PRESENT'),
(1194, '2023-07-12', 29, 'PRESENT'),
(1195, '2023-07-13', 29, 'PRESENT'),
(1196, '2023-07-14', 29, 'PRESENT'),
(1197, '2023-07-17', 29, 'PRESENT'),
(1198, '2023-07-18', 29, 'PRESENT'),
(1199, '2023-07-19', 29, 'PRESENT'),
(1200, '2023-07-20', 29, 'PRESENT'),
(1201, '2023-07-21', 29, 'ABSENT'),
(1202, '2023-07-24', 29, 'PRESENT'),
(1203, '2023-07-25', 29, 'PRESENT'),
(1204, '2023-07-26', 29, 'PRESENT'),
(1205, '2023-07-27', 29, 'PRESENT'),
(1206, '2023-07-28', 29, 'PRESENT'),
(1207, '2023-07-31', 29, 'PRESENT'),
(1208, '2023-07-04', 30, 'PRESENT'),
(1209, '2023-07-05', 30, 'PRESENT'),
(1210, '2023-07-06', 30, 'PRESENT'),
(1211, '2023-07-07', 30, 'PRESENT'),
(1212, '2023-07-10', 30, 'PRESENT'),
(1213, '2023-07-11', 30, 'PRESENT'),
(1214, '2023-07-12', 30, 'PRESENT'),
(1215, '2023-07-13', 30, 'PRESENT'),
(1216, '2023-07-14', 30, 'PRESENT'),
(1217, '2023-07-17', 30, 'ABSENT'),
(1218, '2023-07-18', 30, 'PRESENT'),
(1219, '2023-07-19', 30, 'PRESENT'),
(1220, '2023-07-20', 30, 'PRESENT'),
(1221, '2023-07-21', 30, 'PRESENT'),
(1222, '2023-07-24', 30, 'PRESENT'),
(1223, '2023-07-25', 30, 'PRESENT'),
(1224, '2023-07-26', 30, 'PRESENT'),
(1225, '2023-07-27', 30, 'PRESENT'),
(1226, '2023-07-28', 30, 'PRESENT'),
(1227, '2023-07-31', 30, 'PRESENT'),
(1228, '2023-07-04', 31, 'PRESENT'),
(1229, '2023-07-05', 31, 'PRESENT'),
(1230, '2023-07-06', 31, 'PRESENT'),
(1231, '2023-07-07', 31, 'PRESENT'),
(1232, '2023-07-10', 31, 'ABSENT'),
(1233, '2023-07-11', 31, 'ABSENT'),
(1234, '2023-07-12', 31, 'PRESENT'),
(1235, '2023-07-13', 31, 'PRESENT'),
(1236, '2023-07-14', 31, 'PRESENT'),
(1237, '2023-07-17', 31, 'PRESENT'),
(1238, '2023-07-18', 31, 'PRESENT'),
(1239, '2023-07-19', 31, 'PRESENT'),
(1240, '2023-07-20', 31, 'PRESENT'),
(1241, '2023-07-21', 31, 'PRESENT'),
(1242, '2023-07-24', 31, 'PRESENT'),
(1243, '2023-07-25', 31, 'PRESENT'),
(1244, '2023-07-26', 31, 'PRESENT'),
(1245, '2023-07-27', 31, 'PRESENT'),
(1246, '2023-07-28', 31, 'PRESENT'),
(1247, '2023-07-31', 31, 'PRESENT'),
(1248, '2023-07-04', 32, 'PRESENT'),
(1249, '2023-07-05', 32, 'PRESENT'),
(1250, '2023-07-06', 32, 'PRESENT'),
(1251, '2023-07-07', 32, 'PRESENT'),
(1252, '2023-07-10', 32, 'PRESENT'),
(1253, '2023-07-11', 32, 'PRESENT'),
(1254, '2023-07-12', 32, 'PRESENT'),
(1255, '2023-07-13', 32, 'PRESENT'),
(1256, '2023-07-14', 32, 'PRESENT'),
(1257, '2023-07-17', 32, 'PRESENT'),
(1258, '2023-07-18', 32, 'PRESENT'),
(1259, '2023-07-19', 32, 'PRESENT'),
(1260, '2023-07-20', 32, 'PRESENT'),
(1261, '2023-07-21', 32, 'PRESENT'),
(1262, '2023-07-24', 32, 'PRESENT'),
(1263, '2023-07-25', 32, 'PRESENT'),
(1264, '2023-07-26', 32, 'PRESENT'),
(1265, '2023-07-27', 32, 'PRESENT'),
(1266, '2023-07-28', 32, 'PRESENT'),
(1267, '2023-07-31', 32, 'PRESENT'),
(1268, '2023-07-04', 33, 'PRESENT'),
(1269, '2023-07-05', 33, 'PRESENT'),
(1270, '2023-07-06', 33, 'PRESENT'),
(1271, '2023-07-07', 33, 'PRESENT'),
(1272, '2023-07-10', 33, 'PRESENT'),
(1273, '2023-07-11', 33, 'PRESENT'),
(1274, '2023-07-12', 33, 'PRESENT'),
(1275, '2023-07-13', 33, 'PRESENT'),
(1276, '2023-07-14', 33, 'ABSENT'),
(1277, '2023-07-17', 33, 'PRESENT'),
(1278, '2023-07-18', 33, 'PRESENT'),
(1279, '2023-07-19', 33, 'PRESENT'),
(1280, '2023-07-20', 33, 'PRESENT'),
(1281, '2023-07-21', 33, 'PRESENT'),
(1282, '2023-07-24', 33, 'PRESENT'),
(1283, '2023-07-25', 33, 'PRESENT'),
(1284, '2023-07-26', 33, 'PRESENT'),
(1285, '2023-07-27', 33, 'PRESENT'),
(1286, '2023-07-28', 33, 'PRESENT'),
(1287, '2023-07-31', 33, 'PRESENT'),
(1288, '2023-07-04', 34, 'PRESENT'),
(1289, '2023-07-05', 34, 'PRESENT'),
(1290, '2023-07-06', 34, 'PRESENT'),
(1291, '2023-07-07', 34, 'PRESENT'),
(1292, '2023-07-10', 34, 'PRESENT'),
(1293, '2023-07-11', 34, 'PRESENT'),
(1294, '2023-07-12', 34, 'PRESENT'),
(1295, '2023-07-13', 34, 'PRESENT'),
(1296, '2023-07-14', 34, 'PRESENT'),
(1297, '2023-07-17', 34, 'PRESENT'),
(1298, '2023-07-18', 34, 'PRESENT'),
(1299, '2023-07-19', 34, 'PRESENT'),
(1300, '2023-07-20', 34, 'PRESENT'),
(1301, '2023-07-21', 34, 'PRESENT'),
(1302, '2023-07-24', 34, 'PRESENT'),
(1303, '2023-07-25', 34, 'PRESENT'),
(1304, '2023-07-26', 34, 'PRESENT'),
(1305, '2023-07-27', 34, 'PRESENT'),
(1306, '2023-07-28', 34, 'PRESENT'),
(1307, '2023-07-31', 34, 'PRESENT'),
(1308, '2023-07-04', 35, 'PRESENT'),
(1309, '2023-07-05', 35, 'PRESENT'),
(1310, '2023-07-06', 35, 'PRESENT'),
(1311, '2023-07-07', 35, 'PRESENT'),
(1312, '2023-07-10', 35, 'ABSENT'),
(1313, '2023-07-11', 35, 'ABSENT'),
(1314, '2023-07-12', 35, 'PRESENT'),
(1315, '2023-07-13', 35, 'PRESENT'),
(1316, '2023-07-14', 35, 'PRESENT'),
(1317, '2023-07-17', 35, 'PRESENT'),
(1318, '2023-07-18', 35, 'PRESENT'),
(1319, '2023-07-19', 35, 'PRESENT'),
(1320, '2023-07-20', 35, 'PRESENT'),
(1321, '2023-07-21', 35, 'PRESENT'),
(1322, '2023-07-24', 35, 'PRESENT'),
(1323, '2023-07-25', 35, 'PRESENT'),
(1324, '2023-07-26', 35, 'PRESENT'),
(1325, '2023-07-27', 35, 'PRESENT'),
(1326, '2023-07-28', 35, 'PRESENT'),
(1327, '2023-07-31', 35, 'PRESENT'),
(1328, '2023-07-04', 36, 'PRESENT'),
(1329, '2023-07-05', 36, 'PRESENT'),
(1330, '2023-07-06', 36, 'PRESENT'),
(1331, '2023-07-07', 36, 'PRESENT'),
(1332, '2023-07-10', 36, 'PRESENT'),
(1333, '2023-07-11', 36, 'PRESENT'),
(1334, '2023-07-12', 36, 'PRESENT'),
(1335, '2023-07-13', 36, 'PRESENT'),
(1336, '2023-07-14', 36, 'PRESENT'),
(1337, '2023-07-17', 36, 'ABSENT'),
(1338, '2023-07-18', 36, 'PRESENT'),
(1339, '2023-07-19', 36, 'PRESENT'),
(1340, '2023-07-20', 36, 'PRESENT'),
(1341, '2023-07-21', 36, 'PRESENT'),
(1342, '2023-07-24', 36, 'PRESENT'),
(1343, '2023-07-25', 36, 'PRESENT'),
(1344, '2023-07-26', 36, 'PRESENT'),
(1345, '2023-07-27', 36, 'PRESENT'),
(1346, '2023-07-28', 36, 'PRESENT'),
(1347, '2023-07-31', 36, 'PRESENT'),
(1348, '2023-07-04', 37, 'ABSENT'),
(1349, '2023-07-05', 37, 'ABSENT'),
(1350, '2023-07-06', 37, 'PRESENT'),
(1351, '2023-07-07', 37, 'PRESENT'),
(1352, '2023-07-10', 37, 'PRESENT'),
(1353, '2023-07-11', 37, 'PRESENT'),
(1354, '2023-07-12', 37, 'PRESENT'),
(1355, '2023-07-13', 37, 'ABSENT'),
(1356, '2023-07-14', 37, 'PRESENT'),
(1357, '2023-07-17', 37, 'PRESENT'),
(1358, '2023-07-18', 37, 'PRESENT'),
(1359, '2023-07-19', 37, 'ABSENT'),
(1360, '2023-07-20', 37, 'ABSENT'),
(1361, '2023-07-21', 37, 'ABSENT'),
(1362, '2023-07-24', 37, 'ABSENT'),
(1363, '2023-07-25', 37, 'PRESENT'),
(1364, '2023-07-26', 37, 'PRESENT'),
(1365, '2023-07-27', 37, 'PRESENT'),
(1366, '2023-07-28', 37, 'PRESENT'),
(1367, '2023-07-31', 37, 'PRESENT'),
(1368, '2023-07-04', 38, 'PRESENT'),
(1369, '2023-07-05', 38, 'PRESENT'),
(1370, '2023-07-06', 38, 'PRESENT'),
(1371, '2023-07-07', 38, 'PRESENT'),
(1372, '2023-07-10', 38, 'PRESENT'),
(1373, '2023-07-11', 38, 'PRESENT'),
(1374, '2023-07-12', 38, 'PRESENT'),
(1375, '2023-07-13', 38, 'PRESENT'),
(1376, '2023-07-14', 38, 'PRESENT'),
(1377, '2023-07-17', 38, 'PRESENT'),
(1378, '2023-07-18', 38, 'PRESENT'),
(1379, '2023-07-19', 38, 'PRESENT'),
(1380, '2023-07-20', 38, 'PRESENT'),
(1381, '2023-07-21', 38, 'PRESENT'),
(1382, '2023-07-24', 38, 'PRESENT'),
(1383, '2023-07-25', 38, 'PRESENT'),
(1384, '2023-07-26', 38, 'PRESENT'),
(1385, '2023-07-27', 38, 'PRESENT'),
(1386, '2023-07-28', 38, 'PRESENT'),
(1387, '2023-07-31', 38, 'PRESENT'),
(1388, '2023-07-04', 39, 'PRESENT'),
(1389, '2023-07-05', 39, 'PRESENT'),
(1390, '2023-07-06', 39, 'PRESENT'),
(1391, '2023-07-07', 39, 'PRESENT'),
(1392, '2023-07-10', 39, 'PRESENT'),
(1393, '2023-07-11', 39, 'PRESENT'),
(1394, '2023-07-12', 39, 'PRESENT'),
(1395, '2023-07-13', 39, 'PRESENT'),
(1396, '2023-07-14', 39, 'PRESENT'),
(1397, '2023-07-17', 39, 'PRESENT'),
(1398, '2023-07-18', 39, 'PRESENT'),
(1399, '2023-07-19', 39, 'PRESENT'),
(1400, '2023-07-20', 39, 'PRESENT'),
(1401, '2023-07-21', 39, 'PRESENT'),
(1402, '2023-07-24', 39, 'PRESENT'),
(1403, '2023-07-25', 39, 'PRESENT'),
(1404, '2023-07-26', 39, 'PRESENT'),
(1405, '2023-07-27', 39, 'PRESENT'),
(1406, '2023-07-28', 39, 'PRESENT'),
(1407, '2023-07-31', 39, 'PRESENT'),
(1408, '2023-07-04', 40, 'PRESENT'),
(1409, '2023-07-05', 40, 'ABSENT'),
(1410, '2023-07-06', 40, 'ABSENT'),
(1411, '2023-07-07', 40, 'ABSENT'),
(1412, '2023-07-10', 40, 'ABSENT'),
(1413, '2023-07-11', 40, 'PRESENT'),
(1414, '2023-07-12', 40, 'PRESENT'),
(1415, '2023-07-13', 40, 'PRESENT'),
(1416, '2023-07-14', 40, 'PRESENT'),
(1417, '2023-07-17', 40, 'PRESENT'),
(1418, '2023-07-18', 40, 'PRESENT'),
(1419, '2023-07-19', 40, 'PRESENT'),
(1420, '2023-07-20', 40, 'PRESENT'),
(1421, '2023-07-21', 40, 'PRESENT'),
(1422, '2023-07-24', 40, 'PRESENT'),
(1423, '2023-07-25', 40, 'PRESENT'),
(1424, '2023-07-26', 40, 'PRESENT'),
(1425, '2023-07-27', 40, 'PRESENT'),
(1426, '2023-07-28', 40, 'PRESENT'),
(1427, '2023-07-31', 40, 'PRESENT'),
(1428, '2023-07-04', 41, 'PRESENT'),
(1429, '2023-07-05', 41, 'PRESENT'),
(1430, '2023-07-06', 41, 'PRESENT'),
(1431, '2023-07-07', 41, 'PRESENT'),
(1432, '2023-07-10', 41, 'ABSENT'),
(1433, '2023-07-11', 41, 'ABSENT'),
(1434, '2023-07-12', 41, 'ABSENT'),
(1435, '2023-07-13', 41, 'ABSENT'),
(1436, '2023-07-14', 41, 'PRESENT'),
(1437, '2023-07-17', 41, 'PRESENT'),
(1438, '2023-07-18', 41, 'PRESENT'),
(1439, '2023-07-19', 41, 'PRESENT'),
(1440, '2023-07-20', 41, 'PRESENT'),
(1441, '2023-07-21', 41, 'PRESENT'),
(1442, '2023-07-24', 41, 'PRESENT'),
(1443, '2023-07-25', 41, 'PRESENT'),
(1444, '2023-07-26', 41, 'PRESENT'),
(1445, '2023-07-27', 41, 'PRESENT'),
(1446, '2023-07-28', 41, 'PRESENT'),
(1447, '2023-07-31', 41, 'PRESENT'),
(1448, '2023-07-04', 42, 'PRESENT'),
(1449, '2023-07-05', 42, 'PRESENT'),
(1450, '2023-07-06', 42, 'PRESENT'),
(1451, '2023-07-07', 42, 'PRESENT'),
(1452, '2023-07-10', 42, 'PRESENT'),
(1453, '2023-07-11', 42, 'PRESENT'),
(1454, '2023-07-12', 42, 'PRESENT'),
(1455, '2023-07-13', 42, 'PRESENT'),
(1456, '2023-07-14', 42, 'PRESENT'),
(1457, '2023-07-17', 42, 'PRESENT'),
(1458, '2023-07-18', 42, 'PRESENT'),
(1459, '2023-07-19', 42, 'PRESENT'),
(1460, '2023-07-20', 42, 'PRESENT'),
(1461, '2023-07-21', 42, 'PRESENT');
INSERT INTO `attendance` (`id`, `date`, `student_id`, `attendance`) VALUES
(1462, '2023-07-24', 42, 'ABSENT'),
(1463, '2023-07-25', 42, 'PRESENT'),
(1464, '2023-07-26', 42, 'PRESENT'),
(1465, '2023-07-27', 42, 'ABSENT'),
(1466, '2023-07-28', 42, 'PRESENT'),
(1467, '2023-07-31', 42, 'PRESENT'),
(1468, '2023-08-02', 22, 'PRESENT'),
(1469, '2023-08-03', 22, 'PRESENT'),
(1470, '2023-08-04', 22, 'PRESENT'),
(1471, '2023-08-07', 22, 'ABSENT'),
(1472, '2023-08-08', 22, 'PRESENT'),
(1473, '2023-08-09', 22, 'PRESENT'),
(1474, '2023-08-10', 22, 'PRESENT'),
(1475, '2023-08-11', 22, 'PRESENT'),
(1476, '2023-08-14', 22, 'PRESENT'),
(1477, '2023-08-15', 22, 'PRESENT'),
(1478, '2023-08-16', 22, 'PRESENT'),
(1479, '2023-08-17', 22, 'PRESENT'),
(1480, '2023-08-18', 22, 'ABSENT'),
(1481, '2023-08-21', 22, 'PRESENT'),
(1482, '2023-08-22', 22, 'PRESENT'),
(1483, '2023-08-23', 22, 'PRESENT'),
(1484, '2023-08-24', 22, 'PRESENT'),
(1485, '2023-08-25', 22, 'PRESENT'),
(1486, '2023-08-28', 22, 'PRESENT'),
(1487, '2023-08-29', 22, 'PRESENT'),
(1488, '2023-08-31', 22, 'ABSENT'),
(1489, '2023-08-02', 23, 'PRESENT'),
(1490, '2023-08-03', 23, 'ABSENT'),
(1491, '2023-08-04', 23, 'PRESENT'),
(1492, '2023-08-05', 23, 'PRESENT'),
(1493, '2023-08-06', 23, 'PRESENT'),
(1494, '2023-08-07', 23, 'PRESENT'),
(1495, '2023-08-08', 23, 'PRESENT'),
(1496, '2023-08-09', 23, 'PRESENT'),
(1497, '2023-08-10', 23, 'PRESENT'),
(1498, '2023-08-11', 23, 'ABSENT'),
(1499, '2023-08-12', 23, 'PRESENT'),
(1500, '2023-08-13', 23, 'PRESENT'),
(1501, '2023-08-14', 23, 'PRESENT'),
(1502, '2023-08-15', 23, 'PRESENT'),
(1503, '2023-08-16', 23, 'PRESENT'),
(1504, '2023-08-17', 23, 'PRESENT'),
(1505, '2023-08-18', 23, 'PRESENT'),
(1506, '2023-08-19', 23, 'PRESENT'),
(1507, '2023-08-20', 23, 'PRESENT'),
(1508, '2023-08-21', 23, 'PRESENT'),
(1509, '2023-08-22', 23, 'PRESENT'),
(1510, '2023-08-23', 23, 'PRESENT'),
(1511, '2023-08-24', 23, 'PRESENT'),
(1512, '2023-08-25', 23, 'PRESENT'),
(1513, '2023-08-26', 23, 'PRESENT'),
(1514, '2023-08-27', 23, 'PRESENT'),
(1515, '2023-08-28', 23, 'PRESENT'),
(1516, '2023-08-29', 23, 'PRESENT'),
(1517, '2023-08-31', 23, 'PRESENT'),
(1518, '2023-08-02', 24, 'PRESENT'),
(1519, '2023-08-03', 24, 'PRESENT'),
(1520, '2023-08-04', 24, 'PRESENT'),
(1521, '2023-08-05', 24, 'PRESENT'),
(1522, '2023-08-06', 24, 'PRESENT'),
(1523, '2023-08-07', 24, 'PRESENT'),
(1524, '2023-08-08', 24, 'PRESENT'),
(1525, '2023-08-09', 24, 'PRESENT'),
(1526, '2023-08-10', 24, 'PRESENT'),
(1527, '2023-08-11', 24, 'ABSENT'),
(1528, '2023-08-12', 24, 'PRESENT'),
(1529, '2023-08-13', 24, 'PRESENT'),
(1530, '2023-08-14', 24, 'PRESENT'),
(1531, '2023-08-15', 24, 'PRESENT'),
(1532, '2023-08-16', 24, 'PRESENT'),
(1533, '2023-08-17', 24, 'PRESENT'),
(1534, '2023-08-18', 24, 'PRESENT'),
(1535, '2023-08-19', 24, 'PRESENT'),
(1536, '2023-08-20', 24, 'PRESENT'),
(1537, '2023-08-21', 24, 'PRESENT'),
(1538, '2023-08-22', 24, 'PRESENT'),
(1539, '2023-08-23', 24, 'PRESENT'),
(1540, '2023-08-24', 24, 'PRESENT'),
(1541, '2023-08-25', 24, 'PRESENT'),
(1542, '2023-08-26', 24, 'PRESENT'),
(1543, '2023-08-27', 24, 'ABSENT'),
(1544, '2023-08-28', 24, 'PRESENT'),
(1545, '2023-08-29', 24, 'PRESENT'),
(1546, '2023-08-31', 24, 'PRESENT'),
(1547, '2023-08-02', 25, 'PRESENT'),
(1548, '2023-08-03', 25, 'PRESENT'),
(1549, '2023-08-04', 25, 'PRESENT'),
(1550, '2023-08-05', 25, 'PRESENT'),
(1551, '2023-08-06', 25, 'PRESENT'),
(1552, '2023-08-07', 25, 'PRESENT'),
(1553, '2023-08-08', 25, 'PRESENT'),
(1554, '2023-08-09', 25, 'PRESENT'),
(1555, '2023-08-10', 25, 'PRESENT'),
(1556, '2023-08-11', 25, 'PRESENT'),
(1557, '2023-08-12', 25, 'ABSENT'),
(1558, '2023-08-13', 25, 'PRESENT'),
(1559, '2023-08-14', 25, 'PRESENT'),
(1560, '2023-08-15', 25, 'PRESENT'),
(1561, '2023-08-16', 25, 'PRESENT'),
(1562, '2023-08-17', 25, 'PRESENT'),
(1563, '2023-08-18', 25, 'PRESENT'),
(1564, '2023-08-19', 25, 'PRESENT'),
(1565, '2023-08-20', 25, 'PRESENT'),
(1566, '2023-08-21', 25, 'PRESENT'),
(1567, '2023-08-22', 25, 'ABSENT'),
(1568, '2023-08-23', 25, 'PRESENT'),
(1569, '2023-08-24', 25, 'PRESENT'),
(1570, '2023-08-25', 25, 'PRESENT'),
(1571, '2023-08-26', 25, 'PRESENT'),
(1572, '2023-08-27', 25, 'PRESENT'),
(1573, '2023-08-28', 25, 'PRESENT'),
(1574, '2023-08-29', 25, 'PRESENT'),
(1575, '2023-08-31', 25, 'PRESENT'),
(1576, '2023-08-02', 26, 'PRESENT'),
(1577, '2023-08-03', 26, 'PRESENT'),
(1578, '2023-08-04', 26, 'PRESENT'),
(1579, '2023-08-05', 26, 'PRESENT'),
(1580, '2023-08-06', 26, 'PRESENT'),
(1581, '2023-08-07', 26, 'PRESENT'),
(1582, '2023-08-08', 26, 'PRESENT'),
(1583, '2023-08-09', 26, 'PRESENT'),
(1584, '2023-08-10', 26, 'PRESENT'),
(1585, '2023-08-11', 26, 'PRESENT'),
(1586, '2023-08-12', 26, 'PRESENT'),
(1587, '2023-08-13', 26, 'PRESENT'),
(1588, '2023-08-14', 26, 'PRESENT'),
(1589, '2023-08-15', 26, 'PRESENT'),
(1590, '2023-08-16', 26, 'PRESENT'),
(1591, '2023-08-17', 26, 'PRESENT'),
(1592, '2023-08-18', 26, 'ABSENT'),
(1593, '2023-08-19', 26, 'PRESENT'),
(1594, '2023-08-20', 26, 'PRESENT'),
(1595, '2023-08-21', 26, 'PRESENT'),
(1596, '2023-08-22', 26, 'PRESENT'),
(1597, '2023-08-23', 26, 'PRESENT'),
(1598, '2023-08-24', 26, 'PRESENT'),
(1599, '2023-08-25', 26, 'PRESENT'),
(1600, '2023-08-26', 26, 'PRESENT'),
(1601, '2023-08-27', 26, 'PRESENT'),
(1602, '2023-08-28', 26, 'PRESENT'),
(1603, '2023-08-29', 26, 'PRESENT'),
(1604, '2023-08-31', 26, 'PRESENT'),
(1605, '2023-08-02', 27, 'PRESENT'),
(1606, '2023-08-03', 27, 'PRESENT'),
(1607, '2023-08-04', 27, 'PRESENT'),
(1608, '2023-08-05', 27, 'PRESENT'),
(1609, '2023-08-06', 27, 'PRESENT'),
(1610, '2023-08-07', 27, 'PRESENT'),
(1611, '2023-08-08', 27, 'PRESENT'),
(1612, '2023-08-09', 27, 'PRESENT'),
(1613, '2023-08-10', 27, 'PRESENT'),
(1614, '2023-08-11', 27, 'PRESENT'),
(1615, '2023-08-12', 27, 'PRESENT'),
(1616, '2023-08-13', 27, 'PRESENT'),
(1617, '2023-08-14', 27, 'PRESENT'),
(1618, '2023-08-15', 27, 'PRESENT'),
(1619, '2023-08-16', 27, 'PRESENT'),
(1620, '2023-08-17', 27, 'PRESENT'),
(1621, '2023-08-18', 27, 'PRESENT'),
(1622, '2023-08-19', 27, 'PRESENT'),
(1623, '2023-08-20', 27, 'PRESENT'),
(1624, '2023-08-21', 27, 'PRESENT'),
(1625, '2023-08-22', 27, 'PRESENT'),
(1626, '2023-08-23', 27, 'PRESENT'),
(1627, '2023-08-24', 27, 'PRESENT'),
(1628, '2023-08-25', 27, 'PRESENT'),
(1629, '2023-08-26', 27, 'PRESENT'),
(1630, '2023-08-27', 27, 'PRESENT'),
(1631, '2023-08-28', 27, 'PRESENT'),
(1632, '2023-08-29', 27, 'ABSENT'),
(1633, '2023-08-31', 27, 'PRESENT'),
(1634, '2023-08-02', 28, 'PRESENT'),
(1635, '2023-08-03', 28, 'PRESENT'),
(1636, '2023-08-04', 28, 'ABSENT'),
(1637, '2023-08-05', 28, 'ABSENT'),
(1638, '2023-08-06', 28, 'PRESENT'),
(1639, '2023-08-07', 28, 'ABSENT'),
(1640, '2023-08-08', 28, 'ABSENT'),
(1641, '2023-08-09', 28, 'ABSENT'),
(1642, '2023-08-10', 28, 'ABSENT'),
(1643, '2023-08-11', 28, 'PRESENT'),
(1644, '2023-08-12', 28, 'PRESENT'),
(1645, '2023-08-13', 28, 'PRESENT'),
(1646, '2023-08-14', 28, 'PRESENT'),
(1647, '2023-08-15', 28, 'PRESENT'),
(1648, '2023-08-16', 28, 'PRESENT'),
(1649, '2023-08-17', 28, 'PRESENT'),
(1650, '2023-08-18', 28, 'PRESENT'),
(1651, '2023-08-19', 28, 'PRESENT'),
(1652, '2023-08-20', 28, 'PRESENT'),
(1653, '2023-08-21', 28, 'PRESENT'),
(1654, '2023-08-22', 28, 'PRESENT'),
(1655, '2023-08-23', 28, 'PRESENT'),
(1656, '2023-08-24', 28, 'PRESENT'),
(1657, '2023-08-25', 28, 'PRESENT'),
(1658, '2023-08-26', 28, 'PRESENT'),
(1659, '2023-08-27', 28, 'PRESENT'),
(1660, '2023-08-28', 28, 'PRESENT'),
(1661, '2023-08-29', 28, 'PRESENT'),
(1662, '2023-08-31', 28, 'ABSENT'),
(1663, '2023-08-02', 29, 'ABSENT'),
(1664, '2023-08-03', 29, 'ABSENT'),
(1665, '2023-08-04', 29, 'PRESENT'),
(1666, '2023-08-05', 29, 'PRESENT'),
(1667, '2023-08-06', 29, 'PRESENT'),
(1668, '2023-08-07', 29, 'PRESENT'),
(1669, '2023-08-08', 29, 'PRESENT'),
(1670, '2023-08-09', 29, 'PRESENT'),
(1671, '2023-08-10', 29, 'PRESENT'),
(1672, '2023-08-11', 29, 'ABSENT'),
(1673, '2023-08-12', 29, 'PRESENT'),
(1674, '2023-08-13', 29, 'PRESENT'),
(1675, '2023-08-14', 29, 'PRESENT'),
(1676, '2023-08-15', 29, 'PRESENT'),
(1677, '2023-08-16', 29, 'PRESENT'),
(1678, '2023-08-17', 29, 'PRESENT'),
(1679, '2023-08-18', 29, 'PRESENT'),
(1680, '2023-08-19', 29, 'PRESENT'),
(1681, '2023-08-20', 29, 'PRESENT'),
(1682, '2023-08-21', 29, 'PRESENT'),
(1683, '2023-08-22', 29, 'PRESENT'),
(1684, '2023-08-23', 29, 'PRESENT'),
(1685, '2023-08-24', 29, 'PRESENT'),
(1686, '2023-08-25', 29, 'PRESENT'),
(1687, '2023-08-26', 29, 'PRESENT'),
(1688, '2023-08-27', 29, 'PRESENT'),
(1689, '2023-08-28', 29, 'PRESENT'),
(1690, '2023-08-29', 29, 'PRESENT'),
(1691, '2023-08-31', 29, 'PRESENT'),
(1692, '2023-08-02', 30, 'PRESENT'),
(1693, '2023-08-03', 30, 'PRESENT'),
(1694, '2023-08-04', 30, 'PRESENT'),
(1695, '2023-08-05', 30, 'PRESENT'),
(1696, '2023-08-06', 30, 'PRESENT'),
(1697, '2023-08-07', 30, 'PRESENT'),
(1698, '2023-08-08', 30, 'PRESENT'),
(1699, '2023-08-09', 30, 'PRESENT'),
(1700, '2023-08-10', 30, 'PRESENT'),
(1701, '2023-08-11', 30, 'PRESENT'),
(1702, '2023-08-12', 30, 'PRESENT'),
(1703, '2023-08-13', 30, 'PRESENT'),
(1704, '2023-08-14', 30, 'PRESENT'),
(1705, '2023-08-15', 30, 'PRESENT'),
(1706, '2023-08-16', 30, 'PRESENT'),
(1707, '2023-08-17', 30, 'PRESENT'),
(1708, '2023-08-18', 30, 'PRESENT'),
(1709, '2023-08-19', 30, 'PRESENT'),
(1710, '2023-08-20', 30, 'PRESENT'),
(1711, '2023-08-21', 30, 'PRESENT'),
(1712, '2023-08-22', 30, 'PRESENT'),
(1713, '2023-08-23', 30, 'PRESENT'),
(1714, '2023-08-24', 30, 'PRESENT'),
(1715, '2023-08-25', 30, 'PRESENT'),
(1716, '2023-08-26', 30, 'PRESENT'),
(1717, '2023-08-27', 30, 'PRESENT'),
(1718, '2023-08-28', 30, 'PRESENT'),
(1719, '2023-08-29', 30, 'PRESENT'),
(1720, '2023-08-31', 30, 'PRESENT'),
(1721, '2023-08-02', 31, 'PRESENT'),
(1722, '2023-08-03', 31, 'PRESENT'),
(1723, '2023-08-04', 31, 'PRESENT'),
(1724, '2023-08-05', 31, 'PRESENT'),
(1725, '2023-08-06', 31, 'PRESENT'),
(1726, '2023-08-07', 31, 'PRESENT'),
(1727, '2023-08-08', 31, 'PRESENT'),
(1728, '2023-08-09', 31, 'PRESENT'),
(1729, '2023-08-10', 31, 'PRESENT'),
(1730, '2023-08-11', 31, 'PRESENT'),
(1731, '2023-08-12', 31, 'PRESENT'),
(1732, '2023-08-13', 31, 'PRESENT'),
(1733, '2023-08-14', 31, 'PRESENT'),
(1734, '2023-08-15', 31, 'PRESENT'),
(1735, '2023-08-16', 31, 'PRESENT'),
(1736, '2023-08-17', 31, 'PRESENT'),
(1737, '2023-08-18', 31, 'ABSENT'),
(1738, '2023-08-19', 31, 'PRESENT'),
(1739, '2023-08-20', 31, 'PRESENT'),
(1740, '2023-08-21', 31, 'PRESENT'),
(1741, '2023-08-22', 31, 'PRESENT'),
(1742, '2023-08-23', 31, 'PRESENT'),
(1743, '2023-08-24', 31, 'PRESENT'),
(1744, '2023-08-25', 31, 'PRESENT'),
(1745, '2023-08-26', 31, 'PRESENT'),
(1746, '2023-08-27', 31, 'PRESENT'),
(1747, '2023-08-28', 31, 'PRESENT'),
(1748, '2023-08-29', 31, 'PRESENT'),
(1749, '2023-08-31', 31, 'PRESENT'),
(1750, '2023-08-02', 32, 'PRESENT'),
(1751, '2023-08-03', 32, 'PRESENT'),
(1752, '2023-08-04', 32, 'PRESENT'),
(1753, '2023-08-05', 32, 'PRESENT'),
(1754, '2023-08-06', 32, 'PRESENT'),
(1755, '2023-08-07', 32, 'PRESENT'),
(1756, '2023-08-08', 32, 'PRESENT'),
(1757, '2023-08-09', 32, 'PRESENT'),
(1758, '2023-08-10', 32, 'PRESENT'),
(1759, '2023-08-11', 32, 'PRESENT'),
(1760, '2023-08-12', 32, 'PRESENT'),
(1761, '2023-08-13', 32, 'PRESENT'),
(1762, '2023-08-14', 32, 'PRESENT'),
(1763, '2023-08-15', 32, 'PRESENT'),
(1764, '2023-08-16', 32, 'PRESENT'),
(1765, '2023-08-17', 32, 'PRESENT'),
(1766, '2023-08-18', 32, 'PRESENT'),
(1767, '2023-08-19', 32, 'PRESENT'),
(1768, '2023-08-20', 32, 'PRESENT'),
(1769, '2023-08-21', 32, 'PRESENT'),
(1770, '2023-08-22', 32, 'PRESENT'),
(1771, '2023-08-23', 32, 'PRESENT'),
(1772, '2023-08-24', 32, 'PRESENT'),
(1773, '2023-08-25', 32, 'PRESENT'),
(1774, '2023-08-26', 32, 'PRESENT'),
(1775, '2023-08-27', 32, 'PRESENT'),
(1776, '2023-08-28', 32, 'ABSENT'),
(1777, '2023-08-29', 32, 'PRESENT'),
(1778, '2023-08-31', 32, 'PRESENT'),
(1779, '2023-08-02', 33, 'PRESENT'),
(1780, '2023-08-03', 33, 'PRESENT'),
(1781, '2023-08-04', 33, 'ABSENT'),
(1782, '2023-08-05', 33, 'PRESENT'),
(1783, '2023-08-06', 33, 'PRESENT'),
(1784, '2023-08-07', 33, 'PRESENT'),
(1785, '2023-08-08', 33, 'PRESENT'),
(1786, '2023-08-09', 33, 'PRESENT'),
(1787, '2023-08-10', 33, 'PRESENT'),
(1788, '2023-08-11', 33, 'PRESENT'),
(1789, '2023-08-12', 33, 'PRESENT'),
(1790, '2023-08-13', 33, 'PRESENT'),
(1791, '2023-08-14', 33, 'PRESENT'),
(1792, '2023-08-15', 33, 'PRESENT'),
(1793, '2023-08-16', 33, 'PRESENT'),
(1794, '2023-08-17', 33, 'PRESENT'),
(1795, '2023-08-18', 33, 'PRESENT'),
(1796, '2023-08-19', 33, 'PRESENT'),
(1797, '2023-08-20', 33, 'PRESENT'),
(1798, '2023-08-21', 33, 'PRESENT'),
(1799, '2023-08-22', 33, 'PRESENT'),
(1800, '2023-08-23', 33, 'PRESENT'),
(1801, '2023-08-24', 33, 'PRESENT'),
(1802, '2023-08-25', 33, 'ABSENT'),
(1803, '2023-08-26', 33, 'PRESENT'),
(1804, '2023-08-27', 33, 'PRESENT'),
(1805, '2023-08-28', 33, 'PRESENT'),
(1806, '2023-08-29', 33, 'PRESENT'),
(1807, '2023-08-31', 33, 'PRESENT'),
(1808, '2023-08-02', 34, 'PRESENT'),
(1809, '2023-08-03', 34, 'PRESENT'),
(1810, '2023-08-04', 34, 'PRESENT'),
(1811, '2023-08-05', 34, 'PRESENT'),
(1812, '2023-08-06', 34, 'PRESENT'),
(1813, '2023-08-07', 34, 'PRESENT'),
(1814, '2023-08-08', 34, 'PRESENT'),
(1815, '2023-08-09', 34, 'PRESENT'),
(1816, '2023-08-10', 34, 'PRESENT'),
(1817, '2023-08-11', 34, 'PRESENT'),
(1818, '2023-08-12', 34, 'PRESENT'),
(1819, '2023-08-13', 34, 'PRESENT'),
(1820, '2023-08-14', 34, 'PRESENT'),
(1821, '2023-08-15', 34, 'PRESENT'),
(1822, '2023-08-16', 34, 'PRESENT'),
(1823, '2023-08-17', 34, 'PRESENT'),
(1824, '2023-08-18', 34, 'PRESENT'),
(1825, '2023-08-19', 34, 'PRESENT'),
(1826, '2023-08-20', 34, 'PRESENT'),
(1827, '2023-08-21', 34, 'PRESENT'),
(1828, '2023-08-22', 34, 'PRESENT'),
(1829, '2023-08-23', 34, 'PRESENT'),
(1830, '2023-08-24', 34, 'PRESENT'),
(1831, '2023-08-25', 34, 'PRESENT'),
(1832, '2023-08-26', 34, 'PRESENT'),
(1833, '2023-08-27', 34, 'PRESENT'),
(1834, '2023-08-28', 34, 'PRESENT'),
(1835, '2023-08-29', 34, 'PRESENT'),
(1836, '2023-08-31', 34, 'PRESENT'),
(1837, '2023-08-02', 35, 'PRESENT'),
(1838, '2023-08-03', 35, 'PRESENT'),
(1839, '2023-08-04', 35, 'PRESENT'),
(1840, '2023-08-05', 35, 'PRESENT'),
(1841, '2023-08-06', 35, 'PRESENT'),
(1842, '2023-08-07', 35, 'PRESENT'),
(1843, '2023-08-08', 35, 'PRESENT'),
(1844, '2023-08-09', 35, 'PRESENT'),
(1845, '2023-08-10', 35, 'PRESENT'),
(1846, '2023-08-11', 35, 'PRESENT'),
(1847, '2023-08-12', 35, 'PRESENT'),
(1848, '2023-08-13', 35, 'PRESENT'),
(1849, '2023-08-14', 35, 'PRESENT'),
(1850, '2023-08-15', 35, 'PRESENT'),
(1851, '2023-08-16', 35, 'ABSENT'),
(1852, '2023-08-17', 35, 'PRESENT'),
(1853, '2023-08-18', 35, 'PRESENT'),
(1854, '2023-08-19', 35, 'PRESENT'),
(1855, '2023-08-20', 35, 'PRESENT'),
(1856, '2023-08-21', 35, 'PRESENT'),
(1857, '2023-08-22', 35, 'PRESENT'),
(1858, '2023-08-23', 35, 'PRESENT'),
(1859, '2023-08-24', 35, 'PRESENT'),
(1860, '2023-08-25', 35, 'PRESENT'),
(1861, '2023-08-26', 35, 'PRESENT'),
(1862, '2023-08-27', 35, 'PRESENT'),
(1863, '2023-08-28', 35, 'PRESENT'),
(1864, '2023-08-29', 35, 'PRESENT'),
(1865, '2023-08-31', 35, 'PRESENT'),
(1866, '2023-08-02', 36, 'PRESENT'),
(1867, '2023-08-03', 36, 'PRESENT'),
(1868, '2023-08-04', 36, 'ABSENT'),
(1869, '2023-08-05', 36, 'PRESENT'),
(1870, '2023-08-06', 36, 'PRESENT'),
(1871, '2023-08-07', 36, 'PRESENT'),
(1872, '2023-08-08', 36, 'PRESENT'),
(1873, '2023-08-09', 36, 'PRESENT'),
(1874, '2023-08-10', 36, 'PRESENT'),
(1875, '2023-08-11', 36, 'PRESENT'),
(1876, '2023-08-12', 36, 'PRESENT'),
(1877, '2023-08-13', 36, 'PRESENT'),
(1878, '2023-08-14', 36, 'PRESENT'),
(1879, '2023-08-15', 36, 'PRESENT'),
(1880, '2023-08-16', 36, 'PRESENT'),
(1881, '2023-08-17', 36, 'PRESENT'),
(1882, '2023-08-18', 36, 'PRESENT'),
(1883, '2023-08-19', 36, 'PRESENT'),
(1884, '2023-08-20', 36, 'PRESENT'),
(1885, '2023-08-21', 36, 'PRESENT'),
(1886, '2023-08-22', 36, 'PRESENT'),
(1887, '2023-08-23', 36, 'PRESENT'),
(1888, '2023-08-24', 36, 'ABSENT'),
(1889, '2023-08-25', 36, 'PRESENT'),
(1890, '2023-08-26', 36, 'PRESENT'),
(1891, '2023-08-27', 36, 'PRESENT'),
(1892, '2023-08-28', 36, 'PRESENT'),
(1893, '2023-08-29', 36, 'PRESENT'),
(1894, '2023-08-31', 36, 'PRESENT'),
(1895, '2023-08-02', 37, 'PRESENT'),
(1896, '2023-08-03', 37, 'PRESENT'),
(1897, '2023-08-04', 37, 'PRESENT'),
(1898, '2023-08-05', 37, 'ABSENT'),
(1899, '2023-08-06', 37, 'PRESENT'),
(1900, '2023-08-07', 37, 'PRESENT'),
(1901, '2023-08-08', 37, 'ABSENT'),
(1902, '2023-08-09', 37, 'PRESENT'),
(1903, '2023-08-10', 37, 'PRESENT'),
(1904, '2023-08-11', 37, 'PRESENT'),
(1905, '2023-08-12', 37, 'PRESENT'),
(1906, '2023-08-13', 37, 'ABSENT'),
(1907, '2023-08-14', 37, 'PRESENT'),
(1908, '2023-08-15', 37, 'PRESENT'),
(1909, '2023-08-16', 37, 'ABSENT'),
(1910, '2023-08-17', 37, 'PRESENT'),
(1911, '2023-08-18', 37, 'PRESENT'),
(1912, '2023-08-19', 37, 'ABSENT'),
(1913, '2023-08-20', 37, 'ABSENT'),
(1914, '2023-08-21', 37, 'PRESENT'),
(1915, '2023-08-22', 37, 'PRESENT'),
(1916, '2023-08-23', 37, 'ABSENT'),
(1917, '2023-08-24', 37, 'ABSENT'),
(1918, '2023-08-25', 37, 'ABSENT'),
(1919, '2023-08-26', 37, 'PRESENT'),
(1920, '2023-08-27', 37, 'PRESENT'),
(1921, '2023-08-28', 37, 'PRESENT'),
(1922, '2023-08-29', 37, 'PRESENT'),
(1923, '2023-08-31', 37, 'PRESENT'),
(1924, '2023-08-02', 38, 'PRESENT'),
(1925, '2023-08-03', 38, 'PRESENT'),
(1926, '2023-08-04', 38, 'PRESENT'),
(1927, '2023-08-05', 38, 'PRESENT'),
(1928, '2023-08-06', 38, 'PRESENT'),
(1929, '2023-08-07', 38, 'PRESENT'),
(1930, '2023-08-08', 38, 'PRESENT'),
(1931, '2023-08-09', 38, 'PRESENT'),
(1932, '2023-08-10', 38, 'PRESENT'),
(1933, '2023-08-11', 38, 'ABSENT'),
(1934, '2023-08-12', 38, 'PRESENT'),
(1935, '2023-08-13', 38, 'PRESENT'),
(1936, '2023-08-14', 38, 'PRESENT'),
(1937, '2023-08-15', 38, 'PRESENT'),
(1938, '2023-08-16', 38, 'PRESENT'),
(1939, '2023-08-17', 38, 'PRESENT'),
(1940, '2023-08-18', 38, 'PRESENT'),
(1941, '2023-08-19', 38, 'PRESENT'),
(1942, '2023-08-20', 38, 'PRESENT'),
(1943, '2023-08-21', 38, 'PRESENT'),
(1944, '2023-08-22', 38, 'ABSENT'),
(1945, '2023-08-23', 38, 'PRESENT'),
(1946, '2023-08-24', 38, 'PRESENT'),
(1947, '2023-08-25', 38, 'PRESENT'),
(1948, '2023-08-26', 38, 'PRESENT'),
(1949, '2023-08-27', 38, 'PRESENT'),
(1950, '2023-08-28', 38, 'PRESENT'),
(1951, '2023-08-29', 38, 'PRESENT'),
(1952, '2023-08-31', 38, 'PRESENT'),
(1953, '2023-08-02', 39, 'PRESENT'),
(1954, '2023-08-03', 39, 'PRESENT'),
(1955, '2023-08-04', 39, 'PRESENT'),
(1956, '2023-08-05', 39, 'PRESENT'),
(1957, '2023-08-06', 39, 'PRESENT'),
(1958, '2023-08-07', 39, 'PRESENT'),
(1959, '2023-08-08', 39, 'PRESENT'),
(1960, '2023-08-09', 39, 'PRESENT'),
(1961, '2023-08-10', 39, 'PRESENT'),
(1962, '2023-08-11', 39, 'PRESENT'),
(1963, '2023-08-12', 39, 'PRESENT'),
(1964, '2023-08-13', 39, 'PRESENT'),
(1965, '2023-08-14', 39, 'PRESENT'),
(1966, '2023-08-15', 39, 'PRESENT'),
(1967, '2023-08-16', 39, 'PRESENT'),
(1968, '2023-08-17', 39, 'PRESENT'),
(1969, '2023-08-18', 39, 'PRESENT'),
(1970, '2023-08-19', 39, 'PRESENT'),
(1971, '2023-08-20', 39, 'PRESENT'),
(1972, '2023-08-21', 39, 'PRESENT'),
(1973, '2023-08-22', 39, 'PRESENT'),
(1974, '2023-08-23', 39, 'PRESENT'),
(1975, '2023-08-24', 39, 'PRESENT'),
(1976, '2023-08-25', 39, 'PRESENT'),
(1977, '2023-08-26', 39, 'PRESENT'),
(1978, '2023-08-27', 39, 'PRESENT'),
(1979, '2023-08-28', 39, 'PRESENT'),
(1980, '2023-08-29', 39, 'PRESENT'),
(1981, '2023-08-31', 39, 'PRESENT'),
(1982, '2023-08-02', 40, 'PRESENT'),
(1983, '2023-08-03', 40, 'PRESENT'),
(1984, '2023-08-04', 40, 'PRESENT'),
(1985, '2023-08-05', 40, 'ABSENT'),
(1986, '2023-08-06', 40, 'ABSENT'),
(1987, '2023-08-07', 40, 'PRESENT'),
(1988, '2023-08-08', 40, 'PRESENT'),
(1989, '2023-08-09', 40, 'PRESENT'),
(1990, '2023-08-10', 40, 'PRESENT'),
(1991, '2023-08-11', 40, 'PRESENT'),
(1992, '2023-08-12', 40, 'PRESENT'),
(1993, '2023-08-13', 40, 'PRESENT'),
(1994, '2023-08-14', 40, 'PRESENT'),
(1995, '2023-08-15', 40, 'PRESENT'),
(1996, '2023-08-16', 40, 'PRESENT'),
(1997, '2023-08-17', 40, 'PRESENT'),
(1998, '2023-08-18', 40, 'ABSENT'),
(1999, '2023-08-19', 40, 'PRESENT'),
(2000, '2023-08-20', 40, 'PRESENT'),
(2001, '2023-08-21', 40, 'PRESENT'),
(2002, '2023-08-22', 40, 'PRESENT'),
(2003, '2023-08-23', 40, 'PRESENT'),
(2004, '2023-08-24', 40, 'PRESENT'),
(2005, '2023-08-25', 40, 'PRESENT'),
(2006, '2023-08-26', 40, 'PRESENT'),
(2007, '2023-08-27', 40, 'PRESENT'),
(2008, '2023-08-28', 40, 'PRESENT'),
(2009, '2023-08-29', 40, 'PRESENT'),
(2010, '2023-08-31', 40, 'ABSENT'),
(2011, '2023-08-02', 41, 'PRESENT'),
(2012, '2023-08-03', 41, 'ABSENT'),
(2013, '2023-08-04', 41, 'PRESENT'),
(2014, '2023-08-05', 41, 'PRESENT'),
(2015, '2023-08-06', 41, 'PRESENT'),
(2016, '2023-08-07', 41, 'PRESENT'),
(2017, '2023-08-08', 41, 'PRESENT'),
(2018, '2023-08-09', 41, 'PRESENT'),
(2019, '2023-08-10', 41, 'PRESENT'),
(2020, '2023-08-11', 41, 'PRESENT'),
(2021, '2023-08-12', 41, 'ABSENT'),
(2022, '2023-08-13', 41, 'ABSENT'),
(2023, '2023-08-14', 41, 'PRESENT'),
(2024, '2023-08-15', 41, 'PRESENT'),
(2025, '2023-08-16', 41, 'PRESENT'),
(2026, '2023-08-17', 41, 'PRESENT'),
(2027, '2023-08-18', 41, 'PRESENT'),
(2028, '2023-08-19', 41, 'PRESENT'),
(2029, '2023-08-20', 41, 'PRESENT'),
(2030, '2023-08-21', 41, 'PRESENT'),
(2031, '2023-08-22', 41, 'PRESENT'),
(2032, '2023-08-23', 41, 'PRESENT'),
(2033, '2023-08-24', 41, 'PRESENT'),
(2034, '2023-08-25', 41, 'PRESENT'),
(2035, '2023-08-26', 41, 'PRESENT'),
(2036, '2023-08-27', 41, 'PRESENT'),
(2037, '2023-08-28', 41, 'PRESENT'),
(2038, '2023-08-29', 41, 'PRESENT'),
(2039, '2023-08-31', 41, 'PRESENT'),
(2040, '2023-08-02', 42, 'PRESENT'),
(2041, '2023-08-03', 42, 'PRESENT'),
(2042, '2023-08-04', 42, 'PRESENT'),
(2043, '2023-08-05', 42, 'PRESENT'),
(2044, '2023-08-06', 42, 'PRESENT'),
(2045, '2023-08-07', 42, 'PRESENT'),
(2046, '2023-08-08', 42, 'PRESENT'),
(2047, '2023-08-09', 42, 'PRESENT'),
(2048, '2023-08-10', 42, 'PRESENT'),
(2049, '2023-08-11', 42, 'PRESENT'),
(2050, '2023-08-12', 42, 'PRESENT'),
(2051, '2023-08-13', 42, 'PRESENT'),
(2052, '2023-08-14', 42, 'PRESENT'),
(2053, '2023-08-15', 42, 'PRESENT'),
(2054, '2023-08-16', 42, 'PRESENT'),
(2055, '2023-08-17', 42, 'PRESENT'),
(2056, '2023-08-18', 42, 'PRESENT'),
(2057, '2023-08-19', 42, 'PRESENT'),
(2058, '2023-08-20', 42, 'PRESENT'),
(2059, '2023-08-21', 42, 'PRESENT'),
(2060, '2023-08-22', 42, 'PRESENT'),
(2061, '2023-08-23', 42, 'PRESENT'),
(2062, '2023-08-24', 42, 'PRESENT'),
(2063, '2023-08-25', 42, 'ABSENT'),
(2064, '2023-08-26', 42, 'PRESENT'),
(2065, '2023-08-27', 42, 'ABSENT'),
(2066, '2023-08-28', 42, 'PRESENT'),
(2067, '2023-08-29', 42, 'PRESENT'),
(2068, '2023-08-31', 42, 'PRESENT'),
(2069, '2023-09-01', 22, 'PRESENT'),
(2070, '2023-09-04', 22, 'PRESENT'),
(2071, '2023-09-05', 22, 'ABSENT'),
(2072, '2023-09-06', 22, 'ABSENT'),
(2073, '2023-09-07', 22, 'PRESENT'),
(2074, '2023-09-08', 22, 'PRESENT'),
(2075, '2023-09-11', 22, 'PRESENT'),
(2076, '2023-09-12', 22, 'PRESENT'),
(2077, '2023-09-13', 22, 'PRESENT'),
(2078, '2023-09-14', 22, 'ABSENT'),
(2079, '2023-09-18', 22, 'ABSENT'),
(2080, '2023-09-19', 22, 'ABSENT'),
(2081, '2023-09-20', 22, 'ABSENT'),
(2082, '2023-09-21', 22, 'ABSENT'),
(2083, '2023-09-22', 22, 'ABSENT'),
(2084, '2023-09-25', 22, 'ABSENT'),
(2085, '2023-09-26', 22, 'ABSENT'),
(2086, '2023-09-27', 22, 'ABSENT'),
(2087, '2023-09-01', 23, 'PRESENT'),
(2088, '2023-09-04', 23, 'PRESENT'),
(2089, '2023-09-05', 23, 'PRESENT'),
(2090, '2023-09-06', 23, 'PRESENT'),
(2091, '2023-09-07', 23, 'PRESENT'),
(2092, '2023-09-08', 23, 'PRESENT'),
(2093, '2023-09-11', 23, 'PRESENT'),
(2094, '2023-09-12', 23, 'PRESENT'),
(2095, '2023-09-13', 23, 'PRESENT'),
(2096, '2023-09-14', 23, 'PRESENT'),
(2097, '2023-09-18', 23, 'PRESENT'),
(2098, '2023-09-19', 23, 'PRESENT'),
(2099, '2023-09-20', 23, 'PRESENT'),
(2100, '2023-09-21', 23, 'ABSENT'),
(2101, '2023-09-22', 23, 'PRESENT'),
(2102, '2023-09-25', 23, 'PRESENT'),
(2103, '2023-09-26', 23, 'PRESENT'),
(2104, '2023-09-27', 23, 'PRESENT'),
(2105, '2023-09-01', 24, 'PRESENT'),
(2106, '2023-09-04', 24, 'PRESENT'),
(2107, '2023-09-05', 24, 'PRESENT'),
(2108, '2023-09-06', 24, 'PRESENT'),
(2109, '2023-09-07', 24, 'PRESENT'),
(2110, '2023-09-08', 24, 'PRESENT'),
(2111, '2023-09-11', 24, 'PRESENT'),
(2112, '2023-09-12', 24, 'PRESENT'),
(2113, '2023-09-13', 24, 'PRESENT'),
(2114, '2023-09-14', 24, 'PRESENT'),
(2115, '2023-09-18', 24, 'PRESENT'),
(2116, '2023-09-19', 24, 'PRESENT'),
(2117, '2023-09-20', 24, 'PRESENT'),
(2118, '2023-09-21', 24, 'PRESENT'),
(2119, '2023-09-22', 24, 'PRESENT'),
(2120, '2023-09-25', 24, 'PRESENT'),
(2121, '2023-09-26', 24, 'ABSENT'),
(2122, '2023-09-27', 24, 'PRESENT'),
(2123, '2023-09-01', 25, 'PRESENT'),
(2124, '2023-09-04', 25, 'PRESENT'),
(2125, '2023-09-05', 25, 'PRESENT'),
(2126, '2023-09-06', 25, 'PRESENT'),
(2127, '2023-09-07', 25, 'PRESENT'),
(2128, '2023-09-08', 25, 'ABSENT'),
(2129, '2023-09-11', 25, 'PRESENT'),
(2130, '2023-09-12', 25, 'PRESENT'),
(2131, '2023-09-13', 25, 'PRESENT'),
(2132, '2023-09-14', 25, 'PRESENT'),
(2133, '2023-09-18', 25, 'ABSENT'),
(2134, '2023-09-19', 25, 'PRESENT'),
(2135, '2023-09-20', 25, 'PRESENT'),
(2136, '2023-09-21', 25, 'PRESENT'),
(2137, '2023-09-22', 25, 'PRESENT'),
(2138, '2023-09-25', 25, 'PRESENT'),
(2139, '2023-09-26', 25, 'PRESENT'),
(2140, '2023-09-27', 25, 'PRESENT'),
(2141, '2023-09-01', 26, 'PRESENT'),
(2142, '2023-09-04', 26, 'PRESENT'),
(2143, '2023-09-05', 26, 'PRESENT'),
(2144, '2023-09-06', 26, 'ABSENT'),
(2145, '2023-09-07', 26, 'PRESENT'),
(2146, '2023-09-08', 26, 'PRESENT'),
(2147, '2023-09-11', 26, 'PRESENT'),
(2148, '2023-09-12', 26, 'PRESENT'),
(2149, '2023-09-13', 26, 'PRESENT'),
(2150, '2023-09-14', 26, 'PRESENT'),
(2151, '2023-09-18', 26, 'PRESENT'),
(2152, '2023-09-19', 26, 'PRESENT'),
(2153, '2023-09-20', 26, 'PRESENT'),
(2154, '2023-09-21', 26, 'PRESENT'),
(2155, '2023-09-22', 26, 'ABSENT'),
(2156, '2023-09-25', 26, 'PRESENT'),
(2157, '2023-09-26', 26, 'ABSENT'),
(2158, '2023-09-27', 26, 'ABSENT'),
(2159, '2023-09-01', 27, 'PRESENT'),
(2160, '2023-09-04', 27, 'PRESENT'),
(2161, '2023-09-05', 27, 'PRESENT'),
(2162, '2023-09-06', 27, 'PRESENT'),
(2163, '2023-09-07', 27, 'PRESENT'),
(2164, '2023-09-08', 27, 'PRESENT'),
(2165, '2023-09-11', 27, 'PRESENT'),
(2166, '2023-09-12', 27, 'PRESENT'),
(2167, '2023-09-13', 27, 'PRESENT'),
(2168, '2023-09-14', 27, 'PRESENT'),
(2169, '2023-09-18', 27, 'PRESENT'),
(2170, '2023-09-19', 27, 'PRESENT'),
(2171, '2023-09-20', 27, 'PRESENT'),
(2172, '2023-09-21', 27, 'PRESENT'),
(2173, '2023-09-22', 27, 'ABSENT'),
(2174, '2023-09-25', 27, 'PRESENT'),
(2175, '2023-09-26', 27, 'PRESENT'),
(2176, '2023-09-27', 27, 'ABSENT'),
(2177, '2023-09-01', 28, 'PRESENT'),
(2178, '2023-09-04', 28, 'PRESENT'),
(2179, '2023-09-05', 28, 'PRESENT'),
(2180, '2023-09-06', 28, 'PRESENT'),
(2181, '2023-09-07', 28, 'PRESENT'),
(2182, '2023-09-08', 28, 'PRESENT'),
(2183, '2023-09-11', 28, 'PRESENT'),
(2184, '2023-09-12', 28, 'PRESENT'),
(2185, '2023-09-13', 28, 'PRESENT'),
(2186, '2023-09-14', 28, 'PRESENT'),
(2187, '2023-09-18', 28, 'PRESENT'),
(2188, '2023-09-19', 28, 'PRESENT'),
(2189, '2023-09-20', 28, 'PRESENT'),
(2190, '2023-09-21', 28, 'PRESENT'),
(2191, '2023-09-22', 28, 'PRESENT'),
(2192, '2023-09-25', 28, 'PRESENT'),
(2193, '2023-09-26', 28, 'PRESENT'),
(2194, '2023-09-27', 28, 'PRESENT'),
(2195, '2023-09-01', 29, 'PRESENT'),
(2196, '2023-09-04', 29, 'PRESENT'),
(2197, '2023-09-05', 29, 'PRESENT'),
(2198, '2023-09-06', 29, 'PRESENT'),
(2199, '2023-09-07', 29, 'PRESENT'),
(2200, '2023-09-08', 29, 'PRESENT'),
(2201, '2023-09-11', 29, 'PRESENT'),
(2202, '2023-09-12', 29, 'PRESENT'),
(2203, '2023-09-13', 29, 'PRESENT'),
(2204, '2023-09-14', 29, 'PRESENT'),
(2205, '2023-09-18', 29, 'PRESENT'),
(2206, '2023-09-19', 29, 'PRESENT'),
(2207, '2023-09-20', 29, 'PRESENT'),
(2208, '2023-09-21', 29, 'PRESENT'),
(2209, '2023-09-22', 29, 'ABSENT'),
(2210, '2023-09-25', 29, 'ABSENT'),
(2211, '2023-09-26', 29, 'PRESENT'),
(2212, '2023-09-27', 29, 'PRESENT'),
(2213, '2023-09-01', 30, 'PRESENT'),
(2214, '2023-09-04', 30, 'PRESENT'),
(2215, '2023-09-05', 30, 'PRESENT'),
(2216, '2023-09-06', 30, 'PRESENT'),
(2217, '2023-09-07', 30, 'PRESENT'),
(2218, '2023-09-08', 30, 'PRESENT'),
(2219, '2023-09-11', 30, 'PRESENT'),
(2220, '2023-09-12', 30, 'PRESENT'),
(2221, '2023-09-13', 30, 'PRESENT'),
(2222, '2023-09-14', 30, 'PRESENT'),
(2223, '2023-09-18', 30, 'PRESENT'),
(2224, '2023-09-19', 30, 'PRESENT'),
(2225, '2023-09-20', 30, 'PRESENT'),
(2226, '2023-09-21', 30, 'PRESENT'),
(2227, '2023-09-22', 30, 'PRESENT'),
(2228, '2023-09-25', 30, 'PRESENT'),
(2229, '2023-09-26', 30, 'PRESENT'),
(2230, '2023-09-27', 30, 'PRESENT'),
(2231, '2023-09-01', 31, 'PRESENT'),
(2232, '2023-09-04', 31, 'PRESENT'),
(2233, '2023-09-05', 31, 'PRESENT'),
(2234, '2023-09-06', 31, 'PRESENT'),
(2235, '2023-09-07', 31, 'PRESENT'),
(2236, '2023-09-08', 31, 'PRESENT'),
(2237, '2023-09-11', 31, 'PRESENT'),
(2238, '2023-09-12', 31, 'PRESENT'),
(2239, '2023-09-13', 31, 'PRESENT'),
(2240, '2023-09-14', 31, 'PRESENT'),
(2241, '2023-09-18', 31, 'PRESENT'),
(2242, '2023-09-19', 31, 'PRESENT'),
(2243, '2023-09-20', 31, 'PRESENT'),
(2244, '2023-09-21', 31, 'PRESENT'),
(2245, '2023-09-22', 31, 'PRESENT'),
(2246, '2023-09-25', 31, 'PRESENT'),
(2247, '2023-09-26', 31, 'PRESENT'),
(2248, '2023-09-27', 31, 'PRESENT'),
(2249, '2023-09-01', 32, 'PRESENT'),
(2250, '2023-09-04', 32, 'PRESENT'),
(2251, '2023-09-05', 32, 'PRESENT'),
(2252, '2023-09-06', 32, 'PRESENT'),
(2253, '2023-09-07', 32, 'PRESENT'),
(2254, '2023-09-08', 32, 'PRESENT'),
(2255, '2023-09-11', 32, 'PRESENT'),
(2256, '2023-09-12', 32, 'PRESENT'),
(2257, '2023-09-13', 32, 'PRESENT'),
(2258, '2023-09-14', 32, 'PRESENT'),
(2259, '2023-09-18', 32, 'PRESENT'),
(2260, '2023-09-19', 32, 'PRESENT'),
(2261, '2023-09-20', 32, 'PRESENT'),
(2262, '2023-09-21', 32, 'PRESENT'),
(2263, '2023-09-22', 32, 'PRESENT'),
(2264, '2023-09-25', 32, 'PRESENT'),
(2265, '2023-09-26', 32, 'PRESENT'),
(2266, '2023-09-27', 32, 'PRESENT'),
(2267, '2023-09-01', 33, 'PRESENT'),
(2268, '2023-09-04', 33, 'PRESENT'),
(2269, '2023-09-05', 33, 'PRESENT'),
(2270, '2023-09-06', 33, 'PRESENT'),
(2271, '2023-09-07', 33, 'PRESENT'),
(2272, '2023-09-08', 33, 'PRESENT'),
(2273, '2023-09-11', 33, 'PRESENT'),
(2274, '2023-09-12', 33, 'PRESENT'),
(2275, '2023-09-13', 33, 'PRESENT'),
(2276, '2023-09-14', 33, 'PRESENT'),
(2277, '2023-09-18', 33, 'PRESENT'),
(2278, '2023-09-19', 33, 'PRESENT'),
(2279, '2023-09-20', 33, 'PRESENT'),
(2280, '2023-09-21', 33, 'PRESENT'),
(2281, '2023-09-22', 33, 'PRESENT'),
(2282, '2023-09-25', 33, 'PRESENT'),
(2283, '2023-09-26', 33, 'PRESENT'),
(2284, '2023-09-27', 33, 'PRESENT'),
(2285, '2023-09-01', 34, 'PRESENT'),
(2286, '2023-09-04', 34, 'PRESENT'),
(2287, '2023-09-05', 34, 'PRESENT'),
(2288, '2023-09-06', 34, 'PRESENT'),
(2289, '2023-09-07', 34, 'PRESENT'),
(2290, '2023-09-08', 34, 'ABSENT'),
(2291, '2023-09-11', 34, 'PRESENT'),
(2292, '2023-09-12', 34, 'PRESENT'),
(2293, '2023-09-13', 34, 'PRESENT'),
(2294, '2023-09-14', 34, 'ABSENT'),
(2295, '2023-09-18', 34, 'PRESENT'),
(2296, '2023-09-19', 34, 'PRESENT'),
(2297, '2023-09-20', 34, 'PRESENT'),
(2298, '2023-09-21', 34, 'PRESENT'),
(2299, '2023-09-22', 34, 'PRESENT'),
(2300, '2023-09-25', 34, 'PRESENT'),
(2301, '2023-09-26', 34, 'PRESENT'),
(2302, '2023-09-27', 34, 'PRESENT'),
(2303, '2023-09-01', 35, 'PRESENT'),
(2304, '2023-09-04', 35, 'PRESENT'),
(2305, '2023-09-05', 35, 'PRESENT'),
(2306, '2023-09-06', 35, 'PRESENT'),
(2307, '2023-09-07', 35, 'PRESENT'),
(2308, '2023-09-08', 35, 'PRESENT'),
(2309, '2023-09-11', 35, 'PRESENT'),
(2310, '2023-09-12', 35, 'PRESENT'),
(2311, '2023-09-13', 35, 'PRESENT'),
(2312, '2023-09-14', 35, 'PRESENT'),
(2313, '2023-09-18', 35, 'PRESENT'),
(2314, '2023-09-19', 35, 'PRESENT'),
(2315, '2023-09-20', 35, 'PRESENT'),
(2316, '2023-09-21', 35, 'PRESENT'),
(2317, '2023-09-22', 35, 'PRESENT'),
(2318, '2023-09-25', 35, 'PRESENT'),
(2319, '2023-09-26', 35, 'PRESENT'),
(2320, '2023-09-27', 35, 'PRESENT'),
(2321, '2023-09-01', 36, 'PRESENT'),
(2322, '2023-09-04', 36, 'PRESENT'),
(2323, '2023-09-05', 36, 'ABSENT'),
(2324, '2023-09-06', 36, 'PRESENT'),
(2325, '2023-09-07', 36, 'PRESENT'),
(2326, '2023-09-08', 36, 'PRESENT'),
(2327, '2023-09-11', 36, 'PRESENT'),
(2328, '2023-09-12', 36, 'PRESENT'),
(2329, '2023-09-13', 36, 'PRESENT'),
(2330, '2023-09-14', 36, 'PRESENT'),
(2331, '2023-09-18', 36, 'PRESENT'),
(2332, '2023-09-19', 36, 'PRESENT'),
(2333, '2023-09-20', 36, 'PRESENT'),
(2334, '2023-09-21', 36, 'PRESENT'),
(2335, '2023-09-22', 36, 'ABSENT'),
(2336, '2023-09-25', 36, 'PRESENT'),
(2337, '2023-09-26', 36, 'PRESENT'),
(2338, '2023-09-27', 36, 'PRESENT'),
(2339, '2023-09-01', 37, 'ABSENT'),
(2340, '2023-09-04', 37, 'PRESENT'),
(2341, '2023-09-05', 37, 'ABSENT'),
(2342, '2023-09-06', 37, 'PRESENT'),
(2343, '2023-09-07', 37, 'PRESENT'),
(2344, '2023-09-08', 37, 'PRESENT'),
(2345, '2023-09-01', 38, 'PRESENT'),
(2346, '2023-09-04', 38, 'PRESENT'),
(2347, '2023-09-05', 38, 'PRESENT'),
(2348, '2023-09-06', 38, 'PRESENT'),
(2349, '2023-09-07', 38, 'PRESENT'),
(2350, '2023-09-08', 38, 'PRESENT'),
(2351, '2023-09-11', 38, 'PRESENT'),
(2352, '2023-09-12', 38, 'PRESENT'),
(2353, '2023-09-13', 38, 'PRESENT'),
(2354, '2023-09-14', 38, 'PRESENT'),
(2355, '2023-09-18', 38, 'PRESENT'),
(2356, '2023-09-19', 38, 'PRESENT'),
(2357, '2023-09-20', 38, 'PRESENT'),
(2358, '2023-09-21', 38, 'PRESENT'),
(2359, '2023-09-22', 38, 'ABSENT'),
(2360, '2023-09-25', 38, 'PRESENT'),
(2361, '2023-09-26', 38, 'PRESENT'),
(2362, '2023-09-27', 38, 'PRESENT'),
(2363, '2023-09-01', 39, 'PRESENT'),
(2364, '2023-09-04', 39, 'PRESENT'),
(2365, '2023-09-05', 39, 'PRESENT'),
(2366, '2023-09-06', 39, 'ABSENT'),
(2367, '2023-09-07', 39, 'PRESENT'),
(2368, '2023-09-08', 39, 'PRESENT'),
(2369, '2023-09-11', 39, 'PRESENT'),
(2370, '2023-09-12', 39, 'PRESENT'),
(2371, '2023-09-13', 39, 'PRESENT'),
(2372, '2023-09-14', 39, 'PRESENT'),
(2373, '2023-09-18', 39, 'PRESENT'),
(2374, '2023-09-19', 39, 'PRESENT'),
(2375, '2023-09-20', 39, 'PRESENT'),
(2376, '2023-09-21', 39, 'PRESENT'),
(2377, '2023-09-22', 39, 'PRESENT'),
(2378, '2023-09-25', 39, 'PRESENT'),
(2379, '2023-09-26', 39, 'PRESENT'),
(2380, '2023-09-27', 39, 'PRESENT'),
(2381, '2023-09-01', 40, 'PRESENT'),
(2382, '2023-09-04', 40, 'PRESENT'),
(2383, '2023-09-05', 40, 'PRESENT'),
(2384, '2023-09-06', 40, 'ABSENT'),
(2385, '2023-09-07', 40, 'PRESENT'),
(2386, '2023-09-08', 40, 'PRESENT'),
(2387, '2023-09-11', 40, 'PRESENT'),
(2388, '2023-09-12', 40, 'PRESENT'),
(2389, '2023-09-13', 40, 'PRESENT'),
(2390, '2023-09-14', 40, 'PRESENT'),
(2391, '2023-09-18', 40, 'PRESENT'),
(2392, '2023-09-19', 40, 'ABSENT'),
(2393, '2023-09-20', 40, 'PRESENT'),
(2394, '2023-09-21', 40, 'PRESENT'),
(2395, '2023-09-22', 40, 'ABSENT'),
(2396, '2023-09-25', 40, 'ABSENT'),
(2397, '2023-09-26', 40, 'PRESENT'),
(2398, '2023-09-27', 40, 'ABSENT'),
(2399, '2023-09-01', 41, 'ABSENT'),
(2400, '2023-09-04', 41, 'PRESENT'),
(2401, '2023-09-05', 41, 'ABSENT'),
(2402, '2023-09-06', 41, 'PRESENT'),
(2403, '2023-09-07', 41, 'PRESENT'),
(2404, '2023-09-08', 41, 'ABSENT'),
(2405, '2023-09-11', 41, 'PRESENT'),
(2406, '2023-09-12', 41, 'PRESENT'),
(2407, '2023-09-13', 41, 'PRESENT'),
(2408, '2023-09-14', 41, 'PRESENT'),
(2409, '2023-09-18', 41, 'ABSENT'),
(2410, '2023-09-19', 41, 'PRESENT'),
(2411, '2023-09-20', 41, 'ABSENT'),
(2412, '2023-09-21', 41, 'PRESENT'),
(2413, '2023-09-22', 41, 'PRESENT'),
(2414, '2023-09-25', 41, 'PRESENT'),
(2415, '2023-09-26', 41, 'ABSENT'),
(2416, '2023-09-27', 41, 'PRESENT'),
(2417, '2023-09-01', 42, 'PRESENT'),
(2418, '2023-09-04', 42, 'PRESENT'),
(2419, '2023-09-05', 42, 'ABSENT'),
(2420, '2023-09-06', 42, 'PRESENT'),
(2421, '2023-09-07', 42, 'PRESENT'),
(2422, '2023-09-08', 42, 'PRESENT'),
(2423, '2023-09-11', 42, 'PRESENT'),
(2424, '2023-09-12', 42, 'PRESENT'),
(2425, '2023-09-13', 42, 'PRESENT'),
(2426, '2023-09-14', 42, 'PRESENT'),
(2427, '2023-09-18', 42, 'ABSENT'),
(2428, '2023-09-19', 42, 'PRESENT'),
(2429, '2023-09-20', 42, 'ABSENT'),
(2430, '2023-09-21', 42, 'PRESENT'),
(2431, '2023-09-22', 42, 'PRESENT'),
(2432, '2023-09-25', 42, 'PRESENT'),
(2433, '2023-09-26', 42, 'PRESENT'),
(2434, '2023-09-27', 42, 'PRESENT'),
(2435, '2023-10-02', 22, 'ABSENT'),
(2436, '2023-10-03', 22, 'ABSENT'),
(2437, '2023-10-04', 22, 'ABSENT'),
(2438, '2023-10-05', 22, 'ABSENT'),
(2439, '2023-10-06', 22, 'ABSENT'),
(2440, '2023-10-09', 22, 'PRESENT'),
(2441, '2023-10-10', 22, 'PRESENT'),
(2442, '2023-10-11', 22, 'PRESENT'),
(2443, '2023-10-12', 22, 'PRESENT'),
(2444, '2023-10-13', 22, 'PRESENT'),
(2445, '2023-10-16', 22, 'PRESENT'),
(2446, '2023-10-17', 22, 'PRESENT'),
(2447, '2023-10-18', 22, 'PRESENT'),
(2448, '2023-10-19', 22, 'PRESENT'),
(2449, '2023-10-20', 22, 'PRESENT'),
(2450, '2023-10-23', 22, 'PRESENT'),
(2451, '2023-10-24', 22, 'PRESENT'),
(2452, '2023-10-25', 22, 'ABSENT'),
(2453, '2023-10-26', 22, 'PRESENT'),
(2454, '2023-10-27', 22, 'PRESENT'),
(2455, '2023-10-30', 22, 'PRESENT'),
(2456, '2023-10-31', 22, 'PRESENT'),
(2457, '2023-10-02', 23, 'PRESENT'),
(2458, '2023-10-03', 23, 'PRESENT'),
(2459, '2023-10-04', 23, 'PRESENT'),
(2460, '2023-10-05', 23, 'PRESENT'),
(2461, '2023-10-06', 23, 'PRESENT'),
(2462, '2023-10-09', 23, 'PRESENT'),
(2463, '2023-10-10', 23, 'PRESENT'),
(2464, '2023-10-11', 23, 'ABSENT'),
(2465, '2023-10-12', 23, 'PRESENT'),
(2466, '2023-10-13', 23, 'PRESENT'),
(2467, '2023-10-16', 23, 'PRESENT'),
(2468, '2023-10-17', 23, 'PRESENT'),
(2469, '2023-10-18', 23, 'ABSENT'),
(2470, '2023-10-19', 23, 'ABSENT'),
(2471, '2023-10-20', 23, 'PRESENT'),
(2472, '2023-10-23', 23, 'PRESENT'),
(2473, '2023-10-24', 23, 'PRESENT'),
(2474, '2023-10-25', 23, 'PRESENT'),
(2475, '2023-10-26', 23, 'PRESENT'),
(2476, '2023-10-27', 23, 'PRESENT'),
(2477, '2023-10-30', 23, 'PRESENT'),
(2478, '2023-10-31', 23, 'PRESENT'),
(2479, '2023-10-02', 24, 'PRESENT'),
(2480, '2023-10-03', 24, 'PRESENT'),
(2481, '2023-10-04', 24, 'ABSENT'),
(2482, '2023-10-05', 24, 'PRESENT'),
(2483, '2023-10-06', 24, 'PRESENT'),
(2484, '2023-10-09', 24, 'PRESENT'),
(2485, '2023-10-10', 24, 'PRESENT'),
(2486, '2023-10-11', 24, 'ABSENT'),
(2487, '2023-10-12', 24, 'PRESENT'),
(2488, '2023-10-13', 24, 'PRESENT'),
(2489, '2023-10-16', 24, 'PRESENT'),
(2490, '2023-10-17', 24, 'PRESENT'),
(2491, '2023-10-18', 24, 'PRESENT'),
(2492, '2023-10-19', 24, 'PRESENT'),
(2493, '2023-10-20', 24, 'ABSENT'),
(2494, '2023-10-23', 24, 'ABSENT'),
(2495, '2023-10-24', 24, 'PRESENT'),
(2496, '2023-10-25', 24, 'PRESENT'),
(2497, '2023-10-26', 24, 'PRESENT'),
(2498, '2023-10-27', 24, 'PRESENT'),
(2499, '2023-10-30', 24, 'PRESENT'),
(2500, '2023-10-31', 24, 'PRESENT'),
(2501, '2023-10-02', 25, 'PRESENT'),
(2502, '2023-10-03', 25, 'PRESENT'),
(2503, '2023-10-04', 25, 'PRESENT'),
(2504, '2023-10-05', 25, 'PRESENT'),
(2505, '2023-10-06', 25, 'PRESENT'),
(2506, '2023-10-09', 25, 'PRESENT'),
(2507, '2023-10-10', 25, 'PRESENT'),
(2508, '2023-10-11', 25, 'PRESENT'),
(2509, '2023-10-12', 25, 'PRESENT'),
(2510, '2023-10-13', 25, 'PRESENT'),
(2511, '2023-10-16', 25, 'ABSENT'),
(2512, '2023-10-17', 25, 'PRESENT'),
(2513, '2023-10-18', 25, 'PRESENT'),
(2514, '2023-10-19', 25, 'PRESENT'),
(2515, '2023-10-20', 25, 'PRESENT'),
(2516, '2023-10-23', 25, 'PRESENT'),
(2517, '2023-10-24', 25, 'PRESENT'),
(2518, '2023-10-25', 25, 'PRESENT'),
(2519, '2023-10-26', 25, 'ABSENT'),
(2520, '2023-10-27', 25, 'PRESENT'),
(2521, '2023-10-30', 25, 'PRESENT'),
(2522, '2023-10-31', 25, 'PRESENT'),
(2523, '2023-10-02', 26, 'PRESENT'),
(2524, '2023-10-03', 26, 'PRESENT'),
(2525, '2023-10-04', 26, 'PRESENT'),
(2526, '2023-10-05', 26, 'PRESENT'),
(2527, '2023-10-06', 26, 'PRESENT'),
(2528, '2023-10-09', 26, 'PRESENT'),
(2529, '2023-10-10', 26, 'PRESENT'),
(2530, '2023-10-11', 26, 'PRESENT'),
(2531, '2023-10-12', 26, 'PRESENT'),
(2532, '2023-10-13', 26, 'PRESENT'),
(2533, '2023-10-16', 26, 'PRESENT'),
(2534, '2023-10-17', 26, 'PRESENT'),
(2535, '2023-10-18', 26, 'ABSENT'),
(2536, '2023-10-19', 26, 'PRESENT'),
(2537, '2023-10-20', 26, 'ABSENT'),
(2538, '2023-10-23', 26, 'ABSENT'),
(2539, '2023-10-24', 26, 'PRESENT'),
(2540, '2023-10-25', 26, 'PRESENT'),
(2541, '2023-10-26', 26, 'PRESENT'),
(2542, '2023-10-27', 26, 'ABSENT'),
(2543, '2023-10-30', 26, 'ABSENT'),
(2544, '2023-10-31', 26, 'PRESENT'),
(2545, '2023-10-02', 27, 'PRESENT'),
(2546, '2023-10-03', 27, 'PRESENT'),
(2547, '2023-10-04', 27, 'PRESENT'),
(2548, '2023-10-05', 27, 'PRESENT'),
(2549, '2023-10-06', 27, 'PRESENT'),
(2550, '2023-10-09', 27, 'PRESENT'),
(2551, '2023-10-10', 27, 'PRESENT'),
(2552, '2023-10-11', 27, 'PRESENT'),
(2553, '2023-10-12', 27, 'PRESENT'),
(2554, '2023-10-13', 27, 'PRESENT'),
(2555, '2023-10-16', 27, 'PRESENT'),
(2556, '2023-10-17', 27, 'PRESENT'),
(2557, '2023-10-18', 27, 'PRESENT'),
(2558, '2023-10-19', 27, 'PRESENT'),
(2559, '2023-10-20', 27, 'PRESENT'),
(2560, '2023-10-23', 27, 'PRESENT'),
(2561, '2023-10-24', 27, 'PRESENT'),
(2562, '2023-10-25', 27, 'PRESENT'),
(2563, '2023-10-26', 27, 'PRESENT'),
(2564, '2023-10-27', 27, 'PRESENT'),
(2565, '2023-10-30', 27, 'PRESENT'),
(2566, '2023-10-31', 27, 'PRESENT'),
(2567, '2023-10-02', 28, 'PRESENT'),
(2568, '2023-10-03', 28, 'PRESENT'),
(2569, '2023-10-04', 28, 'PRESENT'),
(2570, '2023-10-05', 28, 'PRESENT'),
(2571, '2023-10-06', 28, 'PRESENT'),
(2572, '2023-10-09', 28, 'PRESENT'),
(2573, '2023-10-10', 28, 'PRESENT'),
(2574, '2023-10-11', 28, 'PRESENT'),
(2575, '2023-10-12', 28, 'PRESENT'),
(2576, '2023-10-13', 28, 'PRESENT'),
(2577, '2023-10-16', 28, 'PRESENT'),
(2578, '2023-10-17', 28, 'PRESENT'),
(2579, '2023-10-18', 28, 'PRESENT'),
(2580, '2023-10-19', 28, 'PRESENT'),
(2581, '2023-10-20', 28, 'PRESENT'),
(2582, '2023-10-23', 28, 'PRESENT'),
(2583, '2023-10-24', 28, 'PRESENT'),
(2584, '2023-10-25', 28, 'PRESENT'),
(2585, '2023-10-26', 28, 'PRESENT'),
(2586, '2023-10-27', 28, 'PRESENT'),
(2587, '2023-10-30', 28, 'PRESENT'),
(2588, '2023-10-31', 28, 'PRESENT'),
(2589, '2023-10-02', 29, 'PRESENT'),
(2590, '2023-10-03', 29, 'PRESENT'),
(2591, '2023-10-04', 29, 'PRESENT'),
(2592, '2023-10-05', 29, 'PRESENT'),
(2593, '2023-10-06', 29, 'PRESENT'),
(2594, '2023-10-09', 29, 'PRESENT'),
(2595, '2023-10-10', 29, 'PRESENT'),
(2596, '2023-10-11', 29, 'PRESENT'),
(2597, '2023-10-12', 29, 'PRESENT'),
(2598, '2023-10-13', 29, 'PRESENT'),
(2599, '2023-10-16', 29, 'PRESENT'),
(2600, '2023-10-17', 29, 'PRESENT'),
(2601, '2023-10-18', 29, 'PRESENT'),
(2602, '2023-10-19', 29, 'PRESENT'),
(2603, '2023-10-20', 29, 'PRESENT'),
(2604, '2023-10-23', 29, 'PRESENT'),
(2605, '2023-10-24', 29, 'PRESENT'),
(2606, '2023-10-25', 29, 'PRESENT'),
(2607, '2023-10-26', 29, 'PRESENT'),
(2608, '2023-10-27', 29, 'PRESENT'),
(2609, '2023-10-30', 29, 'PRESENT'),
(2610, '2023-10-31', 29, 'PRESENT'),
(2611, '2023-10-02', 30, 'PRESENT'),
(2612, '2023-10-03', 30, 'PRESENT'),
(2613, '2023-10-04', 30, 'PRESENT'),
(2614, '2023-10-05', 30, 'PRESENT'),
(2615, '2023-10-06', 30, 'PRESENT'),
(2616, '2023-10-09', 30, 'PRESENT'),
(2617, '2023-10-10', 30, 'PRESENT'),
(2618, '2023-10-11', 30, 'PRESENT'),
(2619, '2023-10-12', 30, 'PRESENT'),
(2620, '2023-10-13', 30, 'PRESENT'),
(2621, '2023-10-16', 30, 'PRESENT'),
(2622, '2023-10-17', 30, 'PRESENT'),
(2623, '2023-10-18', 30, 'PRESENT'),
(2624, '2023-10-19', 30, 'PRESENT'),
(2625, '2023-10-20', 30, 'PRESENT'),
(2626, '2023-10-23', 30, 'PRESENT'),
(2627, '2023-10-24', 30, 'PRESENT'),
(2628, '2023-10-25', 30, 'PRESENT'),
(2629, '2023-10-26', 30, 'PRESENT'),
(2630, '2023-10-27', 30, 'PRESENT'),
(2631, '2023-10-30', 30, 'PRESENT'),
(2632, '2023-10-31', 30, 'PRESENT'),
(2633, '2023-10-02', 31, 'PRESENT'),
(2634, '2023-10-03', 31, 'PRESENT'),
(2635, '2023-10-04', 31, 'PRESENT'),
(2636, '2023-10-05', 31, 'PRESENT'),
(2637, '2023-10-06', 31, 'PRESENT'),
(2638, '2023-10-09', 31, 'PRESENT'),
(2639, '2023-10-10', 31, 'PRESENT'),
(2640, '2023-10-11', 31, 'PRESENT'),
(2641, '2023-10-12', 31, 'PRESENT'),
(2642, '2023-10-13', 31, 'PRESENT'),
(2643, '2023-10-16', 31, 'PRESENT'),
(2644, '2023-10-17', 31, 'PRESENT'),
(2645, '2023-10-18', 31, 'PRESENT'),
(2646, '2023-10-19', 31, 'PRESENT'),
(2647, '2023-10-20', 31, 'ABSENT'),
(2648, '2023-10-23', 31, 'PRESENT'),
(2649, '2023-10-24', 31, 'PRESENT'),
(2650, '2023-10-25', 31, 'PRESENT'),
(2651, '2023-10-26', 31, 'PRESENT'),
(2652, '2023-10-27', 31, 'PRESENT'),
(2653, '2023-10-30', 31, 'PRESENT'),
(2654, '2023-10-31', 31, 'PRESENT'),
(2655, '2023-10-02', 32, 'PRESENT'),
(2656, '2023-10-03', 32, 'PRESENT'),
(2657, '2023-10-04', 32, 'PRESENT'),
(2658, '2023-10-05', 32, 'PRESENT'),
(2659, '2023-10-06', 32, 'PRESENT'),
(2660, '2023-10-09', 32, 'PRESENT'),
(2661, '2023-10-10', 32, 'PRESENT'),
(2662, '2023-10-11', 32, 'PRESENT'),
(2663, '2023-10-12', 32, 'PRESENT'),
(2664, '2023-10-13', 32, 'PRESENT'),
(2665, '2023-10-16', 32, 'PRESENT'),
(2666, '2023-10-17', 32, 'PRESENT'),
(2667, '2023-10-18', 32, 'PRESENT'),
(2668, '2023-10-19', 32, 'PRESENT'),
(2669, '2023-10-20', 32, 'PRESENT'),
(2670, '2023-10-23', 32, 'PRESENT'),
(2671, '2023-10-24', 32, 'PRESENT'),
(2672, '2023-10-25', 32, 'PRESENT'),
(2673, '2023-10-26', 32, 'PRESENT'),
(2674, '2023-10-27', 32, 'PRESENT'),
(2675, '2023-10-30', 32, 'PRESENT'),
(2676, '2023-10-31', 32, 'PRESENT'),
(2677, '2023-10-02', 33, 'PRESENT'),
(2678, '2023-10-03', 33, 'PRESENT'),
(2679, '2023-10-04', 33, 'PRESENT'),
(2680, '2023-10-05', 33, 'PRESENT'),
(2681, '2023-10-06', 33, 'ABSENT'),
(2682, '2023-10-09', 33, 'PRESENT'),
(2683, '2023-10-10', 33, 'PRESENT'),
(2684, '2023-10-11', 33, 'PRESENT'),
(2685, '2023-10-12', 33, 'PRESENT'),
(2686, '2023-10-13', 33, 'PRESENT'),
(2687, '2023-10-16', 33, 'PRESENT'),
(2688, '2023-10-17', 33, 'PRESENT'),
(2689, '2023-10-18', 33, 'PRESENT'),
(2690, '2023-10-19', 33, 'PRESENT'),
(2691, '2023-10-20', 33, 'PRESENT'),
(2692, '2023-10-23', 33, 'PRESENT'),
(2693, '2023-10-24', 33, 'PRESENT'),
(2694, '2023-10-25', 33, 'ABSENT'),
(2695, '2023-10-26', 33, 'PRESENT'),
(2696, '2023-10-27', 33, 'PRESENT'),
(2697, '2023-10-30', 33, 'PRESENT'),
(2698, '2023-10-31', 33, 'PRESENT'),
(2699, '2023-10-02', 34, 'PRESENT'),
(2700, '2023-10-03', 34, 'PRESENT'),
(2701, '2023-10-04', 34, 'ABSENT'),
(2702, '2023-10-05', 34, 'PRESENT'),
(2703, '2023-10-06', 34, 'PRESENT'),
(2704, '2023-10-09', 34, 'PRESENT'),
(2705, '2023-10-10', 34, 'PRESENT'),
(2706, '2023-10-11', 34, 'PRESENT'),
(2707, '2023-10-12', 34, 'PRESENT'),
(2708, '2023-10-13', 34, 'PRESENT'),
(2709, '2023-10-16', 34, 'PRESENT'),
(2710, '2023-10-17', 34, 'PRESENT'),
(2711, '2023-10-18', 34, 'PRESENT'),
(2712, '2023-10-19', 34, 'PRESENT'),
(2713, '2023-10-20', 34, 'PRESENT'),
(2714, '2023-10-23', 34, 'PRESENT'),
(2715, '2023-10-24', 34, 'PRESENT'),
(2716, '2023-10-25', 34, 'ABSENT'),
(2717, '2023-10-26', 34, 'PRESENT'),
(2718, '2023-10-27', 34, 'PRESENT'),
(2719, '2023-10-30', 34, 'PRESENT'),
(2720, '2023-10-31', 34, 'PRESENT'),
(2721, '2023-10-02', 35, 'PRESENT'),
(2722, '2023-10-03', 35, 'PRESENT'),
(2723, '2023-10-04', 35, 'PRESENT'),
(2724, '2023-10-05', 35, 'PRESENT'),
(2725, '2023-10-06', 35, 'PRESENT'),
(2726, '2023-10-09', 35, 'PRESENT'),
(2727, '2023-10-10', 35, 'PRESENT'),
(2728, '2023-10-11', 35, 'PRESENT'),
(2729, '2023-10-12', 35, 'PRESENT'),
(2730, '2023-10-13', 35, 'PRESENT'),
(2731, '2023-10-16', 35, 'PRESENT'),
(2732, '2023-10-17', 35, 'PRESENT'),
(2733, '2023-10-18', 35, 'PRESENT'),
(2734, '2023-10-19', 35, 'PRESENT'),
(2735, '2023-10-20', 35, 'PRESENT'),
(2736, '2023-10-23', 35, 'PRESENT'),
(2737, '2023-10-24', 35, 'PRESENT'),
(2738, '2023-10-25', 35, 'PRESENT'),
(2739, '2023-10-26', 35, 'PRESENT'),
(2740, '2023-10-27', 35, 'PRESENT'),
(2741, '2023-10-30', 35, 'PRESENT'),
(2742, '2023-10-31', 35, 'PRESENT'),
(2743, '2023-10-02', 36, 'PRESENT'),
(2744, '2023-10-03', 36, 'ABSENT'),
(2745, '2023-10-04', 36, 'PRESENT'),
(2746, '2023-10-05', 36, 'PRESENT'),
(2747, '2023-10-06', 36, 'PRESENT'),
(2748, '2023-10-09', 36, 'PRESENT'),
(2749, '2023-10-10', 36, 'PRESENT'),
(2750, '2023-10-11', 36, 'PRESENT'),
(2751, '2023-10-12', 36, 'PRESENT'),
(2752, '2023-10-13', 36, 'PRESENT'),
(2753, '2023-10-16', 36, 'PRESENT'),
(2754, '2023-10-17', 36, 'PRESENT'),
(2755, '2023-10-18', 36, 'PRESENT'),
(2756, '2023-10-19', 36, 'PRESENT'),
(2757, '2023-10-20', 36, 'PRESENT'),
(2758, '2023-10-23', 36, 'PRESENT'),
(2759, '2023-10-24', 36, 'PRESENT'),
(2760, '2023-10-25', 36, 'PRESENT'),
(2761, '2023-10-26', 36, 'PRESENT'),
(2762, '2023-10-27', 36, 'PRESENT'),
(2763, '2023-10-30', 36, 'PRESENT'),
(2764, '2023-10-31', 36, 'PRESENT'),
(2765, '2023-10-02', 38, 'PRESENT'),
(2766, '2023-10-03', 38, 'PRESENT'),
(2767, '2023-10-04', 38, 'PRESENT'),
(2768, '2023-10-05', 38, 'PRESENT'),
(2769, '2023-10-06', 38, 'PRESENT'),
(2770, '2023-10-09', 38, 'PRESENT'),
(2771, '2023-10-10', 38, 'PRESENT'),
(2772, '2023-10-11', 38, 'PRESENT'),
(2773, '2023-10-12', 38, 'PRESENT'),
(2774, '2023-10-13', 38, 'PRESENT'),
(2775, '2023-10-16', 38, 'PRESENT'),
(2776, '2023-10-17', 38, 'PRESENT'),
(2777, '2023-10-18', 38, 'PRESENT'),
(2778, '2023-10-19', 38, 'PRESENT'),
(2779, '2023-10-20', 38, 'ABSENT'),
(2780, '2023-10-23', 38, 'PRESENT'),
(2781, '2023-10-24', 38, 'PRESENT'),
(2782, '2023-10-25', 38, 'PRESENT'),
(2783, '2023-10-26', 38, 'PRESENT'),
(2784, '2023-10-27', 38, 'PRESENT'),
(2785, '2023-10-30', 38, 'PRESENT'),
(2786, '2023-10-31', 38, 'PRESENT'),
(2787, '2023-10-02', 39, 'PRESENT'),
(2788, '2023-10-03', 39, 'PRESENT'),
(2789, '2023-10-04', 39, 'PRESENT'),
(2790, '2023-10-05', 39, 'PRESENT'),
(2791, '2023-10-06', 39, 'PRESENT'),
(2792, '2023-10-09', 39, 'PRESENT'),
(2793, '2023-10-10', 39, 'PRESENT'),
(2794, '2023-10-11', 39, 'PRESENT'),
(2795, '2023-10-12', 39, 'PRESENT'),
(2796, '2023-10-13', 39, 'PRESENT'),
(2797, '2023-10-16', 39, 'PRESENT'),
(2798, '2023-10-17', 39, 'PRESENT'),
(2799, '2023-10-18', 39, 'PRESENT'),
(2800, '2023-10-19', 39, 'PRESENT'),
(2801, '2023-10-20', 39, 'ABSENT'),
(2802, '2023-10-23', 39, 'PRESENT'),
(2803, '2023-10-24', 39, 'PRESENT'),
(2804, '2023-10-25', 39, 'PRESENT'),
(2805, '2023-10-26', 39, 'PRESENT'),
(2806, '2023-10-27', 39, 'PRESENT'),
(2807, '2023-10-30', 39, 'PRESENT'),
(2808, '2023-10-31', 39, 'PRESENT'),
(2809, '2023-10-02', 40, 'PRESENT'),
(2810, '2023-10-03', 40, 'PRESENT'),
(2811, '2023-10-04', 40, 'PRESENT'),
(2812, '2023-10-05', 40, 'PRESENT'),
(2813, '2023-10-06', 40, 'PRESENT'),
(2814, '2023-10-09', 40, 'PRESENT'),
(2815, '2023-10-10', 40, 'PRESENT'),
(2816, '2023-10-11', 40, 'PRESENT'),
(2817, '2023-10-12', 40, 'PRESENT'),
(2818, '2023-10-13', 40, 'PRESENT'),
(2819, '2023-10-16', 40, 'PRESENT'),
(2820, '2023-10-17', 40, 'PRESENT'),
(2821, '2023-10-18', 40, 'ABSENT'),
(2822, '2023-10-19', 40, 'PRESENT'),
(2823, '2023-10-20', 40, 'ABSENT'),
(2824, '2023-10-23', 40, 'ABSENT'),
(2825, '2023-10-24', 40, 'PRESENT'),
(2826, '2023-10-25', 40, 'PRESENT'),
(2827, '2023-10-26', 40, 'PRESENT'),
(2828, '2023-10-27', 40, 'ABSENT'),
(2829, '2023-10-30', 40, 'ABSENT'),
(2830, '2023-10-31', 40, 'PRESENT'),
(2831, '2023-10-02', 41, 'ABSENT'),
(2832, '2023-10-03', 41, 'PRESENT'),
(2833, '2023-10-04', 41, 'PRESENT'),
(2834, '2023-10-05', 41, 'PRESENT'),
(2835, '2023-10-06', 41, 'PRESENT'),
(2836, '2023-10-09', 41, 'PRESENT'),
(2837, '2023-10-10', 41, 'PRESENT'),
(2838, '2023-10-11', 41, 'PRESENT'),
(2839, '2023-10-12', 41, 'PRESENT'),
(2840, '2023-10-13', 41, 'PRESENT'),
(2841, '2023-10-16', 41, 'PRESENT'),
(2842, '2023-10-17', 41, 'PRESENT'),
(2843, '2023-10-18', 41, 'PRESENT'),
(2844, '2023-10-19', 41, 'PRESENT'),
(2845, '2023-10-20', 41, 'PRESENT'),
(2846, '2023-10-23', 41, 'PRESENT'),
(2847, '2023-10-24', 41, 'PRESENT'),
(2848, '2023-10-25', 41, 'PRESENT'),
(2849, '2023-10-26', 41, 'PRESENT'),
(2850, '2023-10-27', 41, 'PRESENT'),
(2851, '2023-10-30', 41, 'PRESENT'),
(2852, '2023-10-31', 41, 'PRESENT'),
(2853, '2023-10-02', 42, 'PRESENT'),
(2854, '2023-10-03', 42, 'PRESENT'),
(2855, '2023-10-04', 42, 'ABSENT'),
(2856, '2023-10-05', 42, 'PRESENT'),
(2857, '2023-10-06', 42, 'ABSENT'),
(2858, '2023-10-09', 42, 'PRESENT'),
(2859, '2023-10-10', 42, 'ABSENT'),
(2860, '2023-10-11', 42, 'PRESENT'),
(2861, '2023-10-12', 42, 'PRESENT'),
(2862, '2023-10-13', 42, 'PRESENT'),
(2863, '2023-10-16', 42, 'PRESENT'),
(2864, '2023-10-17', 42, 'PRESENT'),
(2865, '2023-10-18', 42, 'PRESENT'),
(2866, '2023-10-19', 42, 'PRESENT'),
(2867, '2023-10-20', 42, 'ABSENT'),
(2868, '2023-10-23', 42, 'ABSENT'),
(2869, '2023-10-24', 42, 'PRESENT'),
(2870, '2023-10-25', 42, 'PRESENT'),
(2871, '2023-10-26', 42, 'PRESENT'),
(2872, '2023-10-27', 42, 'PRESENT'),
(2873, '2023-10-30', 42, 'PRESENT'),
(2874, '2023-10-31', 42, 'PRESENT'),
(2875, '2023-11-01', 22, 'PRESENT'),
(2876, '2023-11-02', 22, 'ABSENT'),
(2877, '2023-11-03', 22, 'ABSENT'),
(2878, '2023-11-06', 22, 'PRESENT'),
(2879, '2023-11-07', 22, 'PRESENT'),
(2880, '2023-11-08', 22, 'PRESENT'),
(2881, '2023-11-09', 22, 'PRESENT'),
(2882, '2023-11-10', 22, 'PRESENT'),
(2883, '2023-11-13', 22, 'PRESENT'),
(2884, '2023-11-14', 22, 'PRESENT'),
(2885, '2023-11-15', 22, 'PRESENT'),
(2886, '2023-11-16', 22, 'PRESENT'),
(2887, '2023-11-17', 22, 'PRESENT'),
(2888, '2023-11-20', 22, 'ABSENT'),
(2889, '2023-11-21', 22, 'PRESENT'),
(2890, '2023-11-22', 22, 'PRESENT'),
(2891, '2023-11-23', 22, 'PRESENT');
INSERT INTO `attendance` (`id`, `date`, `student_id`, `attendance`) VALUES
(2892, '2023-11-24', 22, 'PRESENT'),
(2893, '2023-11-27', 22, 'PRESENT'),
(2894, '2023-11-28', 22, 'PRESENT'),
(2895, '2023-11-29', 22, 'PRESENT'),
(2896, '2023-11-30', 22, 'ABSENT'),
(2897, '2023-11-01', 23, 'PRESENT'),
(2898, '2023-11-02', 23, 'PRESENT'),
(2899, '2023-11-03', 23, 'PRESENT'),
(2900, '2023-11-06', 23, 'PRESENT'),
(2901, '2023-11-07', 23, 'PRESENT'),
(2902, '2023-11-08', 23, 'ABSENT'),
(2903, '2023-11-09', 23, 'PRESENT'),
(2904, '2023-11-10', 23, 'PRESENT'),
(2905, '2023-11-13', 23, 'PRESENT'),
(2906, '2023-11-14', 23, 'ABSENT'),
(2907, '2023-11-15', 23, 'PRESENT'),
(2908, '2023-11-16', 23, 'ABSENT'),
(2909, '2023-11-17', 23, 'PRESENT'),
(2910, '2023-11-20', 23, 'PRESENT'),
(2911, '2023-11-21', 23, 'PRESENT'),
(2912, '2023-11-22', 23, 'PRESENT'),
(2913, '2023-11-23', 23, 'PRESENT'),
(2914, '2023-11-24', 23, 'PRESENT'),
(2915, '2023-11-27', 23, 'PRESENT'),
(2916, '2023-11-28', 23, 'PRESENT'),
(2917, '2023-11-29', 23, 'PRESENT'),
(2918, '2023-11-30', 23, 'PRESENT'),
(2919, '2023-11-01', 24, 'PRESENT'),
(2920, '2023-11-02', 24, 'PRESENT'),
(2921, '2023-11-03', 24, 'PRESENT'),
(2922, '2023-11-06', 24, 'PRESENT'),
(2923, '2023-11-07', 24, 'PRESENT'),
(2924, '2023-11-08', 24, 'PRESENT'),
(2925, '2023-11-09', 24, 'PRESENT'),
(2926, '2023-11-10', 24, 'PRESENT'),
(2927, '2023-11-13', 24, 'ABSENT'),
(2928, '2023-11-14', 24, 'PRESENT'),
(2929, '2023-11-15', 24, 'PRESENT'),
(2930, '2023-11-16', 24, 'PRESENT'),
(2931, '2023-11-17', 24, 'ABSENT'),
(2932, '2023-11-20', 24, 'PRESENT'),
(2933, '2023-11-21', 24, 'PRESENT'),
(2934, '2023-11-22', 24, 'PRESENT'),
(2935, '2023-11-23', 24, 'PRESENT'),
(2936, '2023-11-24', 24, 'PRESENT'),
(2937, '2023-11-27', 24, 'PRESENT'),
(2938, '2023-11-28', 24, 'PRESENT'),
(2939, '2023-11-29', 24, 'PRESENT'),
(2940, '2023-11-30', 24, 'PRESENT'),
(2941, '2023-11-01', 25, 'PRESENT'),
(2942, '2023-11-02', 25, 'PRESENT'),
(2943, '2023-11-03', 25, 'PRESENT'),
(2944, '2023-11-06', 25, 'PRESENT'),
(2945, '2023-11-07', 25, 'PRESENT'),
(2946, '2023-11-08', 25, 'PRESENT'),
(2947, '2023-11-09', 25, 'PRESENT'),
(2948, '2023-11-10', 25, 'PRESENT'),
(2949, '2023-11-13', 25, 'PRESENT'),
(2950, '2023-11-14', 25, 'PRESENT'),
(2951, '2023-11-15', 25, 'PRESENT'),
(2952, '2023-11-16', 25, 'PRESENT'),
(2953, '2023-11-17', 25, 'PRESENT'),
(2954, '2023-11-20', 25, 'PRESENT'),
(2955, '2023-11-21', 25, 'ABSENT'),
(2956, '2023-11-22', 25, 'PRESENT'),
(2957, '2023-11-23', 25, 'PRESENT'),
(2958, '2023-11-24', 25, 'PRESENT'),
(2959, '2023-11-27', 25, 'PRESENT'),
(2960, '2023-11-28', 25, 'PRESENT'),
(2961, '2023-11-29', 25, 'PRESENT'),
(2962, '2023-11-30', 25, 'PRESENT'),
(2963, '2023-11-01', 26, 'PRESENT'),
(2964, '2023-11-02', 26, 'PRESENT'),
(2965, '2023-11-03', 26, 'ABSENT'),
(2966, '2023-11-06', 26, 'PRESENT'),
(2967, '2023-11-07', 26, 'PRESENT'),
(2968, '2023-11-08', 26, 'PRESENT'),
(2969, '2023-11-09', 26, 'PRESENT'),
(2970, '2023-11-10', 26, 'ABSENT'),
(2971, '2023-11-13', 26, 'PRESENT'),
(2972, '2023-11-14', 26, 'PRESENT'),
(2973, '2023-11-15', 26, 'ABSENT'),
(2974, '2023-11-16', 26, 'PRESENT'),
(2975, '2023-11-17', 26, 'PRESENT'),
(2976, '2023-11-20', 26, 'PRESENT'),
(2977, '2023-11-21', 26, 'PRESENT'),
(2978, '2023-11-22', 26, 'PRESENT'),
(2979, '2023-11-23', 26, 'ABSENT'),
(2980, '2023-11-24', 26, 'PRESENT'),
(2981, '2023-11-27', 26, 'PRESENT'),
(2982, '2023-11-28', 26, 'PRESENT'),
(2983, '2023-11-29', 26, 'PRESENT'),
(2984, '2023-11-30', 26, 'PRESENT'),
(2985, '2023-11-01', 27, 'PRESENT'),
(2986, '2023-11-02', 27, 'PRESENT'),
(2987, '2023-11-03', 27, 'PRESENT'),
(2988, '2023-11-06', 27, 'PRESENT'),
(2989, '2023-11-07', 27, 'PRESENT'),
(2990, '2023-11-08', 27, 'PRESENT'),
(2991, '2023-11-09', 27, 'PRESENT'),
(2992, '2023-11-10', 27, 'PRESENT'),
(2993, '2023-11-13', 27, 'PRESENT'),
(2994, '2023-11-14', 27, 'PRESENT'),
(2995, '2023-11-15', 27, 'PRESENT'),
(2996, '2023-11-16', 27, 'PRESENT'),
(2997, '2023-11-17', 27, 'PRESENT'),
(2998, '2023-11-20', 27, 'PRESENT'),
(2999, '2023-11-21', 27, 'PRESENT'),
(3000, '2023-11-22', 27, 'PRESENT'),
(3001, '2023-11-23', 27, 'PRESENT'),
(3002, '2023-11-24', 27, 'PRESENT'),
(3003, '2023-11-27', 27, 'PRESENT'),
(3004, '2023-11-28', 27, 'PRESENT'),
(3005, '2023-11-29', 27, 'PRESENT'),
(3006, '2023-11-30', 27, 'PRESENT'),
(3007, '2023-11-01', 28, 'PRESENT'),
(3008, '2023-11-02', 28, 'PRESENT'),
(3009, '2023-11-03', 28, 'PRESENT'),
(3010, '2023-11-06', 28, 'PRESENT'),
(3011, '2023-11-07', 28, 'PRESENT'),
(3012, '2023-11-08', 28, 'PRESENT'),
(3013, '2023-11-09', 28, 'ABSENT'),
(3014, '2023-11-10', 28, 'PRESENT'),
(3015, '2023-11-13', 28, 'PRESENT'),
(3016, '2023-11-14', 28, 'PRESENT'),
(3017, '2023-11-15', 28, 'PRESENT'),
(3018, '2023-11-16', 28, 'PRESENT'),
(3019, '2023-11-17', 28, 'PRESENT'),
(3020, '2023-11-20', 28, 'PRESENT'),
(3021, '2023-11-21', 28, 'PRESENT'),
(3022, '2023-11-22', 28, 'PRESENT'),
(3023, '2023-11-23', 28, 'PRESENT'),
(3024, '2023-11-24', 28, 'PRESENT'),
(3025, '2023-11-27', 28, 'PRESENT'),
(3026, '2023-11-28', 28, 'PRESENT'),
(3027, '2023-11-29', 28, 'PRESENT'),
(3028, '2023-11-30', 28, 'PRESENT'),
(3029, '2023-11-01', 29, 'ABSENT'),
(3030, '2023-11-02', 29, 'PRESENT'),
(3031, '2023-11-03', 29, 'ABSENT'),
(3032, '2023-11-06', 29, 'PRESENT'),
(3033, '2023-11-07', 29, 'PRESENT'),
(3034, '2023-11-08', 29, 'PRESENT'),
(3035, '2023-11-09', 29, 'PRESENT'),
(3036, '2023-11-10', 29, 'PRESENT'),
(3037, '2023-11-13', 29, 'PRESENT'),
(3038, '2023-11-14', 29, 'PRESENT'),
(3039, '2023-11-15', 29, 'PRESENT'),
(3040, '2023-11-16', 29, 'PRESENT'),
(3041, '2023-11-17', 29, 'PRESENT'),
(3042, '2023-11-20', 29, 'PRESENT'),
(3043, '2023-11-21', 29, 'PRESENT'),
(3044, '2023-11-22', 29, 'PRESENT'),
(3045, '2023-11-23', 29, 'PRESENT'),
(3046, '2023-11-24', 29, 'PRESENT'),
(3047, '2023-11-27', 29, 'PRESENT'),
(3048, '2023-11-28', 29, 'PRESENT'),
(3049, '2023-11-29', 29, 'PRESENT'),
(3050, '2023-11-30', 29, 'PRESENT'),
(3051, '2023-11-01', 30, 'PRESENT'),
(3052, '2023-11-02', 30, 'PRESENT'),
(3053, '2023-11-03', 30, 'PRESENT'),
(3054, '2023-11-06', 30, 'PRESENT'),
(3055, '2023-11-07', 30, 'PRESENT'),
(3056, '2023-11-08', 30, 'PRESENT'),
(3057, '2023-11-09', 30, 'PRESENT'),
(3058, '2023-11-10', 30, 'PRESENT'),
(3059, '2023-11-13', 30, 'PRESENT'),
(3060, '2023-11-14', 30, 'PRESENT'),
(3061, '2023-11-15', 30, 'PRESENT'),
(3062, '2023-11-16', 30, 'PRESENT'),
(3063, '2023-11-17', 30, 'PRESENT'),
(3064, '2023-11-20', 30, 'PRESENT'),
(3065, '2023-11-21', 30, 'PRESENT'),
(3066, '2023-11-22', 30, 'PRESENT'),
(3067, '2023-11-23', 30, 'PRESENT'),
(3068, '2023-11-24', 30, 'PRESENT'),
(3069, '2023-11-27', 30, 'PRESENT'),
(3070, '2023-11-28', 30, 'PRESENT'),
(3071, '2023-11-29', 30, 'PRESENT'),
(3072, '2023-11-30', 30, 'PRESENT'),
(3073, '2023-11-01', 31, 'PRESENT'),
(3074, '2023-11-02', 31, 'PRESENT'),
(3075, '2023-11-03', 31, 'PRESENT'),
(3076, '2023-11-06', 31, 'PRESENT'),
(3077, '2023-11-07', 31, 'PRESENT'),
(3078, '2023-11-08', 31, 'PRESENT'),
(3079, '2023-11-09', 31, 'PRESENT'),
(3080, '2023-11-10', 31, 'ABSENT'),
(3081, '2023-11-13', 31, 'PRESENT'),
(3082, '2023-11-14', 31, 'PRESENT'),
(3083, '2023-11-15', 31, 'PRESENT'),
(3084, '2023-11-16', 31, 'PRESENT'),
(3085, '2023-11-17', 31, 'PRESENT'),
(3086, '2023-11-20', 31, 'PRESENT'),
(3087, '2023-11-21', 31, 'PRESENT'),
(3088, '2023-11-22', 31, 'PRESENT'),
(3089, '2023-11-23', 31, 'PRESENT'),
(3090, '2023-11-24', 31, 'PRESENT'),
(3091, '2023-11-27', 31, 'PRESENT'),
(3092, '2023-11-28', 31, 'PRESENT'),
(3093, '2023-11-29', 31, 'PRESENT'),
(3094, '2023-11-30', 31, 'PRESENT'),
(3095, '2023-11-01', 32, 'PRESENT'),
(3096, '2023-11-02', 32, 'PRESENT'),
(3097, '2023-11-03', 32, 'PRESENT'),
(3098, '2023-11-06', 32, 'PRESENT'),
(3099, '2023-11-07', 32, 'PRESENT'),
(3100, '2023-11-08', 32, 'PRESENT'),
(3101, '2023-11-09', 32, 'PRESENT'),
(3102, '2023-11-10', 32, 'PRESENT'),
(3103, '2023-11-13', 32, 'PRESENT'),
(3104, '2023-11-14', 32, 'PRESENT'),
(3105, '2023-11-15', 32, 'PRESENT'),
(3106, '2023-11-16', 32, 'PRESENT'),
(3107, '2023-11-17', 32, 'PRESENT'),
(3108, '2023-11-20', 32, 'PRESENT'),
(3109, '2023-11-21', 32, 'PRESENT'),
(3110, '2023-11-22', 32, 'PRESENT'),
(3111, '2023-11-23', 32, 'PRESENT'),
(3112, '2023-11-24', 32, 'PRESENT'),
(3113, '2023-11-27', 32, 'PRESENT'),
(3114, '2023-11-28', 32, 'PRESENT'),
(3115, '2023-11-29', 32, 'PRESENT'),
(3116, '2023-11-30', 32, 'ABSENT'),
(3117, '2023-11-01', 33, 'PRESENT'),
(3118, '2023-11-02', 33, 'PRESENT'),
(3119, '2023-11-03', 33, 'PRESENT'),
(3120, '2023-11-06', 33, 'PRESENT'),
(3121, '2023-11-07', 33, 'PRESENT'),
(3122, '2023-11-08', 33, 'PRESENT'),
(3123, '2023-11-09', 33, 'PRESENT'),
(3124, '2023-11-10', 33, 'PRESENT'),
(3125, '2023-11-13', 33, 'PRESENT'),
(3126, '2023-11-14', 33, 'PRESENT'),
(3127, '2023-11-15', 33, 'PRESENT'),
(3128, '2023-11-16', 33, 'PRESENT'),
(3129, '2023-11-17', 33, 'PRESENT'),
(3130, '2023-11-20', 33, 'PRESENT'),
(3131, '2023-11-21', 33, 'PRESENT'),
(3132, '2023-11-22', 33, 'PRESENT'),
(3133, '2023-11-23', 33, 'PRESENT'),
(3134, '2023-11-24', 33, 'PRESENT'),
(3135, '2023-11-27', 33, 'PRESENT'),
(3136, '2023-11-28', 33, 'PRESENT'),
(3137, '2023-11-29', 33, 'PRESENT'),
(3138, '2023-11-30', 33, 'PRESENT'),
(3139, '2023-11-01', 34, 'PRESENT'),
(3140, '2023-11-02', 34, 'PRESENT'),
(3141, '2023-11-03', 34, 'PRESENT'),
(3142, '2023-11-06', 34, 'PRESENT'),
(3143, '2023-11-07', 34, 'PRESENT'),
(3144, '2023-11-08', 34, 'PRESENT'),
(3145, '2023-11-09', 34, 'PRESENT'),
(3146, '2023-11-10', 34, 'PRESENT'),
(3147, '2023-11-13', 34, 'PRESENT'),
(3148, '2023-11-14', 34, 'PRESENT'),
(3149, '2023-11-15', 34, 'PRESENT'),
(3150, '2023-11-16', 34, 'PRESENT'),
(3151, '2023-11-17', 34, 'PRESENT'),
(3152, '2023-11-20', 34, 'PRESENT'),
(3153, '2023-11-21', 34, 'PRESENT'),
(3154, '2023-11-22', 34, 'PRESENT'),
(3155, '2023-11-23', 34, 'ABSENT'),
(3156, '2023-11-24', 34, 'PRESENT'),
(3157, '2023-11-27', 34, 'PRESENT'),
(3158, '2023-11-28', 34, 'PRESENT'),
(3159, '2023-11-29', 34, 'PRESENT'),
(3160, '2023-11-30', 34, 'PRESENT'),
(3161, '2023-11-01', 35, 'PRESENT'),
(3162, '2023-11-02', 35, 'PRESENT'),
(3163, '2023-11-03', 35, 'PRESENT'),
(3164, '2023-11-06', 35, 'PRESENT'),
(3165, '2023-11-07', 35, 'PRESENT'),
(3166, '2023-11-08', 35, 'PRESENT'),
(3167, '2023-11-09', 35, 'PRESENT'),
(3168, '2023-11-10', 35, 'PRESENT'),
(3169, '2023-11-13', 35, 'ABSENT'),
(3170, '2023-11-14', 35, 'ABSENT'),
(3171, '2023-11-15', 35, 'PRESENT'),
(3172, '2023-11-16', 35, 'PRESENT'),
(3173, '2023-11-17', 35, 'PRESENT'),
(3174, '2023-11-20', 35, 'PRESENT'),
(3175, '2023-11-21', 35, 'PRESENT'),
(3176, '2023-11-22', 35, 'PRESENT'),
(3177, '2023-11-23', 35, 'ABSENT'),
(3178, '2023-11-24', 35, 'PRESENT'),
(3179, '2023-11-27', 35, 'PRESENT'),
(3180, '2023-11-28', 35, 'PRESENT'),
(3181, '2023-11-29', 35, 'PRESENT'),
(3182, '2023-11-30', 35, 'PRESENT'),
(3183, '2023-11-01', 36, 'PRESENT'),
(3184, '2023-11-02', 36, 'PRESENT'),
(3185, '2023-11-03', 36, 'PRESENT'),
(3186, '2023-11-06', 36, 'PRESENT'),
(3187, '2023-11-07', 36, 'PRESENT'),
(3188, '2023-11-08', 36, 'PRESENT'),
(3189, '2023-11-09', 36, 'PRESENT'),
(3190, '2023-11-10', 36, 'PRESENT'),
(3191, '2023-11-13', 36, 'PRESENT'),
(3192, '2023-11-14', 36, 'PRESENT'),
(3193, '2023-11-15', 36, 'ABSENT'),
(3194, '2023-11-16', 36, 'PRESENT'),
(3195, '2023-11-17', 36, 'PRESENT'),
(3196, '2023-11-20', 36, 'PRESENT'),
(3197, '2023-11-21', 36, 'PRESENT'),
(3198, '2023-11-22', 36, 'PRESENT'),
(3199, '2023-11-23', 36, 'PRESENT'),
(3200, '2023-11-24', 36, 'PRESENT'),
(3201, '2023-11-27', 36, 'PRESENT'),
(3202, '2023-11-28', 36, 'PRESENT'),
(3203, '2023-11-29', 36, 'PRESENT'),
(3204, '2023-11-30', 36, 'PRESENT'),
(3205, '2023-11-01', 38, 'PRESENT'),
(3206, '2023-11-02', 38, 'PRESENT'),
(3207, '2023-11-03', 38, 'PRESENT'),
(3208, '2023-11-06', 38, 'PRESENT'),
(3209, '2023-11-07', 38, 'PRESENT'),
(3210, '2023-11-08', 38, 'PRESENT'),
(3211, '2023-11-09', 38, 'PRESENT'),
(3212, '2023-11-10', 38, 'PRESENT'),
(3213, '2023-11-13', 38, 'PRESENT'),
(3214, '2023-11-14', 38, 'PRESENT'),
(3215, '2023-11-15', 38, 'ABSENT'),
(3216, '2023-11-16', 38, 'PRESENT'),
(3217, '2023-11-17', 38, 'PRESENT'),
(3218, '2023-11-20', 38, 'PRESENT'),
(3219, '2023-11-21', 38, 'PRESENT'),
(3220, '2023-11-22', 38, 'PRESENT'),
(3221, '2023-11-23', 38, 'PRESENT'),
(3222, '2023-11-24', 38, 'PRESENT'),
(3223, '2023-11-27', 38, 'PRESENT'),
(3224, '2023-11-28', 38, 'PRESENT'),
(3225, '2023-11-29', 38, 'PRESENT'),
(3226, '2023-11-30', 38, 'PRESENT'),
(3227, '2023-11-01', 39, 'PRESENT'),
(3228, '2023-11-02', 39, 'PRESENT'),
(3229, '2023-11-03', 39, 'PRESENT'),
(3230, '2023-11-06', 39, 'PRESENT'),
(3231, '2023-11-07', 39, 'PRESENT'),
(3232, '2023-11-08', 39, 'PRESENT'),
(3233, '2023-11-09', 39, 'PRESENT'),
(3234, '2023-11-10', 39, 'PRESENT'),
(3235, '2023-11-13', 39, 'PRESENT'),
(3236, '2023-11-14', 39, 'PRESENT'),
(3237, '2023-11-15', 39, 'PRESENT'),
(3238, '2023-11-16', 39, 'PRESENT'),
(3239, '2023-11-17', 39, 'PRESENT'),
(3240, '2023-11-20', 39, 'PRESENT'),
(3241, '2023-11-21', 39, 'PRESENT'),
(3242, '2023-11-22', 39, 'PRESENT'),
(3243, '2023-11-23', 39, 'PRESENT'),
(3244, '2023-11-24', 39, 'PRESENT'),
(3245, '2023-11-27', 39, 'PRESENT'),
(3246, '2023-11-28', 39, 'PRESENT'),
(3247, '2023-11-29', 39, 'PRESENT'),
(3248, '2023-11-30', 39, 'PRESENT'),
(3249, '2023-11-01', 40, 'PRESENT'),
(3250, '2023-11-02', 40, 'PRESENT'),
(3251, '2023-11-03', 40, 'PRESENT'),
(3252, '2023-11-06', 40, 'PRESENT'),
(3253, '2023-11-07', 40, 'PRESENT'),
(3254, '2023-11-08', 40, 'PRESENT'),
(3255, '2023-11-09', 40, 'PRESENT'),
(3256, '2023-11-10', 40, 'ABSENT'),
(3257, '2023-11-13', 40, 'PRESENT'),
(3258, '2023-11-14', 40, 'PRESENT'),
(3259, '2023-11-15', 40, 'PRESENT'),
(3260, '2023-11-16', 40, 'PRESENT'),
(3261, '2023-11-17', 40, 'PRESENT'),
(3262, '2023-11-20', 40, 'PRESENT'),
(3263, '2023-11-21', 40, 'PRESENT'),
(3264, '2023-11-22', 40, 'PRESENT'),
(3265, '2023-11-23', 40, 'PRESENT'),
(3266, '2023-11-24', 40, 'PRESENT'),
(3267, '2023-11-27', 40, 'PRESENT'),
(3268, '2023-11-28', 40, 'PRESENT'),
(3269, '2023-11-29', 40, 'PRESENT'),
(3270, '2023-11-30', 40, 'PRESENT'),
(3271, '2023-11-01', 41, 'ABSENT'),
(3272, '2023-11-02', 41, 'ABSENT'),
(3273, '2023-11-03', 41, 'PRESENT'),
(3274, '2023-11-06', 41, 'PRESENT'),
(3275, '2023-11-07', 41, 'PRESENT'),
(3276, '2023-11-08', 41, 'PRESENT'),
(3277, '2023-11-09', 41, 'PRESENT'),
(3278, '2023-11-10', 41, 'PRESENT'),
(3279, '2023-11-13', 41, 'PRESENT'),
(3280, '2023-11-14', 41, 'PRESENT'),
(3281, '2023-11-15', 41, 'PRESENT'),
(3282, '2023-11-16', 41, 'PRESENT'),
(3283, '2023-11-17', 41, 'PRESENT'),
(3284, '2023-11-20', 41, 'PRESENT'),
(3285, '2023-11-21', 41, 'PRESENT'),
(3286, '2023-11-22', 41, 'PRESENT'),
(3287, '2023-11-23', 41, 'PRESENT'),
(3288, '2023-11-24', 41, 'PRESENT'),
(3289, '2023-11-27', 41, 'PRESENT'),
(3290, '2023-11-28', 41, 'PRESENT'),
(3291, '2023-11-29', 41, 'PRESENT'),
(3292, '2023-11-30', 41, 'PRESENT'),
(3293, '2023-11-01', 42, 'PRESENT'),
(3294, '2023-11-02', 42, 'PRESENT'),
(3295, '2023-11-03', 42, 'ABSENT'),
(3296, '2023-11-06', 42, 'PRESENT'),
(3297, '2023-11-07', 42, 'PRESENT'),
(3298, '2023-11-08', 42, 'ABSENT'),
(3299, '2023-11-09', 42, 'PRESENT'),
(3300, '2023-11-10', 42, 'PRESENT'),
(3301, '2023-11-13', 42, 'PRESENT'),
(3302, '2023-11-14', 42, 'PRESENT'),
(3303, '2023-11-15', 42, 'ABSENT'),
(3304, '2023-11-16', 42, 'PRESENT'),
(3305, '2023-11-17', 42, 'PRESENT'),
(3306, '2023-11-20', 42, 'PRESENT'),
(3307, '2023-11-21', 42, 'ABSENT'),
(3308, '2023-11-22', 42, 'PRESENT'),
(3309, '2023-11-23', 42, 'PRESENT'),
(3310, '2023-11-24', 42, 'PRESENT'),
(3311, '2023-11-27', 42, 'PRESENT'),
(3312, '2023-11-28', 42, 'ABSENT'),
(3313, '2023-11-29', 42, 'PRESENT'),
(3314, '2023-11-30', 42, 'PRESENT'),
(3315, '2023-12-01', 22, 'PRESENT'),
(3316, '2023-12-04', 22, 'PRESENT'),
(3317, '2023-12-05', 22, 'ABSENT'),
(3318, '2023-12-06', 22, 'ABSENT'),
(3319, '2023-12-07', 22, 'PRESENT'),
(3320, '2023-12-08', 22, 'ABSENT'),
(3321, '2023-12-11', 22, 'ABSENT'),
(3322, '2023-12-12', 22, 'ABSENT'),
(3323, '2023-12-01', 23, 'ABSENT'),
(3324, '2023-12-04', 23, 'ABSENT'),
(3325, '2023-12-05', 23, 'PRESENT'),
(3326, '2023-12-06', 23, 'PRESENT'),
(3327, '2023-12-07', 23, 'PRESENT'),
(3328, '2023-12-08', 23, 'ABSENT'),
(3329, '2023-12-11', 23, 'PRESENT'),
(3330, '2023-12-12', 23, 'PRESENT'),
(3331, '2023-12-13', 23, 'ABSENT'),
(3332, '2023-12-14', 23, 'PRESENT'),
(3333, '2023-12-15', 23, 'PRESENT'),
(3334, '2023-12-18', 23, 'PRESENT'),
(3335, '2023-12-19', 23, 'ABSENT'),
(3336, '2023-12-20', 23, 'ABSENT'),
(3337, '2023-12-21', 23, 'ABSENT'),
(3338, '2023-12-01', 24, 'ABSENT'),
(3339, '2023-12-04', 24, 'ABSENT'),
(3340, '2023-12-05', 24, 'PRESENT'),
(3341, '2023-12-06', 24, 'PRESENT'),
(3342, '2023-12-07', 24, 'PRESENT'),
(3343, '2023-12-08', 24, 'PRESENT'),
(3344, '2023-12-11', 24, 'PRESENT'),
(3345, '2023-12-12', 24, 'PRESENT'),
(3346, '2023-12-13', 24, 'ABSENT'),
(3347, '2023-12-14', 24, 'PRESENT'),
(3348, '2023-12-15', 24, 'ABSENT'),
(3349, '2023-12-18', 24, 'ABSENT'),
(3350, '2023-12-19', 24, 'PRESENT'),
(3351, '2023-12-20', 24, 'PRESENT'),
(3352, '2023-12-21', 24, 'ABSENT'),
(3353, '2023-12-01', 25, 'PRESENT'),
(3354, '2023-12-04', 25, 'ABSENT'),
(3355, '2023-12-05', 25, 'PRESENT'),
(3356, '2023-12-06', 25, 'PRESENT'),
(3357, '2023-12-07', 25, 'PRESENT'),
(3358, '2023-12-08', 25, 'PRESENT'),
(3359, '2023-12-11', 25, 'PRESENT'),
(3360, '2023-12-12', 25, 'PRESENT'),
(3361, '2023-12-13', 25, 'PRESENT'),
(3362, '2023-12-14', 25, 'PRESENT'),
(3363, '2023-12-15', 25, 'ABSENT'),
(3364, '2023-12-18', 25, 'PRESENT'),
(3365, '2023-12-19', 25, 'PRESENT'),
(3366, '2023-12-20', 25, 'ABSENT'),
(3367, '2023-12-21', 25, 'PRESENT'),
(3368, '2023-12-01', 26, 'ABSENT'),
(3369, '2023-12-04', 26, 'PRESENT'),
(3370, '2023-12-05', 26, 'ABSENT'),
(3371, '2023-12-06', 26, 'PRESENT'),
(3372, '2023-12-07', 26, 'PRESENT'),
(3373, '2023-12-08', 26, 'PRESENT'),
(3374, '2023-12-11', 26, 'PRESENT'),
(3375, '2023-12-12', 26, 'PRESENT'),
(3376, '2023-12-13', 26, 'PRESENT'),
(3377, '2023-12-14', 26, 'PRESENT'),
(3378, '2023-12-15', 26, 'PRESENT'),
(3379, '2023-12-18', 26, 'PRESENT'),
(3380, '2023-12-19', 26, 'PRESENT'),
(3381, '2023-12-20', 26, 'PRESENT'),
(3382, '2023-12-21', 26, 'PRESENT'),
(3383, '2023-12-01', 27, 'PRESENT'),
(3384, '2023-12-04', 27, 'PRESENT'),
(3385, '2023-12-05', 27, 'PRESENT'),
(3386, '2023-12-06', 27, 'PRESENT'),
(3387, '2023-12-07', 27, 'PRESENT'),
(3388, '2023-12-08', 27, 'PRESENT'),
(3389, '2023-12-11', 27, 'PRESENT'),
(3390, '2023-12-12', 27, 'PRESENT'),
(3391, '2023-12-13', 27, 'PRESENT'),
(3392, '2023-12-14', 27, 'PRESENT'),
(3393, '2023-12-15', 27, 'PRESENT'),
(3394, '2023-12-18', 27, 'PRESENT'),
(3395, '2023-12-19', 27, 'PRESENT'),
(3396, '2023-12-20', 27, 'PRESENT'),
(3397, '2023-12-21', 27, 'PRESENT'),
(3398, '2023-12-01', 28, 'PRESENT'),
(3399, '2023-12-04', 28, 'PRESENT'),
(3400, '2023-12-05', 28, 'PRESENT'),
(3401, '2023-12-06', 28, 'PRESENT'),
(3402, '2023-12-07', 28, 'PRESENT'),
(3403, '2023-12-08', 28, 'PRESENT'),
(3404, '2023-12-11', 28, 'PRESENT'),
(3405, '2023-12-12', 28, 'PRESENT'),
(3406, '2023-12-13', 28, 'PRESENT'),
(3407, '2023-12-14', 28, 'PRESENT'),
(3408, '2023-12-15', 28, 'PRESENT'),
(3409, '2023-12-18', 28, 'ABSENT'),
(3410, '2023-12-19', 28, 'ABSENT'),
(3411, '2023-12-20', 28, 'PRESENT'),
(3412, '2023-12-21', 28, 'PRESENT'),
(3413, '2023-12-01', 29, 'PRESENT'),
(3414, '2023-12-04', 29, 'PRESENT'),
(3415, '2023-12-05', 29, 'PRESENT'),
(3416, '2023-12-06', 29, 'ABSENT'),
(3417, '2023-12-07', 29, 'PRESENT'),
(3418, '2023-12-08', 29, 'ABSENT'),
(3419, '2023-12-11', 29, 'PRESENT'),
(3420, '2023-12-12', 29, 'PRESENT'),
(3421, '2023-12-13', 29, 'PRESENT'),
(3422, '2023-12-14', 29, 'PRESENT'),
(3423, '2023-12-15', 29, 'PRESENT'),
(3424, '2023-12-18', 29, 'ABSENT'),
(3425, '2023-12-19', 29, 'PRESENT'),
(3426, '2023-12-20', 29, 'PRESENT'),
(3427, '2023-12-21', 29, 'PRESENT'),
(3428, '2023-12-01', 30, 'PRESENT'),
(3429, '2023-12-04', 30, 'PRESENT'),
(3430, '2023-12-05', 30, 'PRESENT'),
(3431, '2023-12-06', 30, 'PRESENT'),
(3432, '2023-12-07', 30, 'PRESENT'),
(3433, '2023-12-08', 30, 'PRESENT'),
(3434, '2023-12-11', 30, 'PRESENT'),
(3435, '2023-12-12', 30, 'PRESENT'),
(3436, '2023-12-13', 30, 'PRESENT'),
(3437, '2023-12-14', 30, 'PRESENT'),
(3438, '2023-12-15', 30, 'PRESENT'),
(3439, '2023-12-18', 30, 'ABSENT'),
(3440, '2023-12-19', 30, 'PRESENT'),
(3441, '2023-12-20', 30, 'PRESENT'),
(3442, '2023-12-21', 30, 'PRESENT'),
(3443, '2023-12-01', 31, 'ABSENT'),
(3444, '2023-12-04', 31, 'PRESENT'),
(3445, '2023-12-05', 31, 'PRESENT'),
(3446, '2023-12-06', 31, 'PRESENT'),
(3447, '2023-12-07', 31, 'PRESENT'),
(3448, '2023-12-08', 31, 'PRESENT'),
(3449, '2023-12-11', 31, 'PRESENT'),
(3450, '2023-12-12', 31, 'PRESENT'),
(3451, '2023-12-13', 31, 'PRESENT'),
(3452, '2023-12-14', 31, 'PRESENT'),
(3453, '2023-12-15', 31, 'PRESENT'),
(3454, '2023-12-18', 31, 'ABSENT'),
(3455, '2023-12-19', 31, 'PRESENT'),
(3456, '2023-12-20', 31, 'PRESENT'),
(3457, '2023-12-21', 31, 'PRESENT'),
(3458, '2023-12-01', 32, 'PRESENT'),
(3459, '2023-12-04', 32, 'ABSENT'),
(3460, '2023-12-05', 32, 'ABSENT'),
(3461, '2023-12-06', 32, 'PRESENT'),
(3462, '2023-12-07', 32, 'PRESENT'),
(3463, '2023-12-08', 32, 'PRESENT'),
(3464, '2023-12-11', 32, 'PRESENT'),
(3465, '2023-12-12', 32, 'PRESENT'),
(3466, '2023-12-13', 32, 'PRESENT'),
(3467, '2023-12-14', 32, 'PRESENT'),
(3468, '2023-12-15', 32, 'PRESENT'),
(3469, '2023-12-18', 32, 'PRESENT'),
(3470, '2023-12-19', 32, 'PRESENT'),
(3471, '2023-12-20', 32, 'PRESENT'),
(3472, '2023-12-21', 32, 'PRESENT'),
(3473, '2023-12-01', 33, 'PRESENT'),
(3474, '2023-12-04', 33, 'PRESENT'),
(3475, '2023-12-05', 33, 'PRESENT'),
(3476, '2023-12-06', 33, 'PRESENT'),
(3477, '2023-12-07', 33, 'PRESENT'),
(3478, '2023-12-08', 33, 'PRESENT'),
(3479, '2023-12-11', 33, 'PRESENT'),
(3480, '2023-12-12', 33, 'PRESENT'),
(3481, '2023-12-13', 33, 'PRESENT'),
(3482, '2023-12-14', 33, 'PRESENT'),
(3483, '2023-12-15', 33, 'ABSENT'),
(3484, '2023-12-18', 33, 'PRESENT'),
(3485, '2023-12-19', 33, 'PRESENT'),
(3486, '2023-12-20', 33, 'PRESENT'),
(3487, '2023-12-21', 33, 'PRESENT'),
(3488, '2023-12-01', 34, 'PRESENT'),
(3489, '2023-12-04', 34, 'ABSENT'),
(3490, '2023-12-05', 34, 'PRESENT'),
(3491, '2023-12-06', 34, 'PRESENT'),
(3492, '2023-12-07', 34, 'PRESENT'),
(3493, '2023-12-08', 34, 'PRESENT'),
(3494, '2023-12-11', 34, 'PRESENT'),
(3495, '2023-12-12', 34, 'PRESENT'),
(3496, '2023-12-13', 34, 'ABSENT'),
(3497, '2023-12-14', 34, 'PRESENT'),
(3498, '2023-12-15', 34, 'PRESENT'),
(3499, '2023-12-18', 34, 'PRESENT'),
(3500, '2023-12-19', 34, 'PRESENT'),
(3501, '2023-12-20', 34, 'PRESENT'),
(3502, '2023-12-21', 34, 'PRESENT'),
(3503, '2023-12-01', 35, 'PRESENT'),
(3504, '2023-12-04', 35, 'ABSENT'),
(3505, '2023-12-05', 35, 'PRESENT'),
(3506, '2023-12-06', 35, 'PRESENT'),
(3507, '2023-12-07', 35, 'PRESENT'),
(3508, '2023-12-08', 35, 'PRESENT'),
(3509, '2023-12-11', 35, 'PRESENT'),
(3510, '2023-12-12', 35, 'PRESENT'),
(3511, '2023-12-13', 35, 'PRESENT'),
(3512, '2023-12-14', 35, 'PRESENT'),
(3513, '2023-12-15', 35, 'PRESENT'),
(3514, '2023-12-18', 35, 'PRESENT'),
(3515, '2023-12-19', 35, 'PRESENT'),
(3516, '2023-12-20', 35, 'PRESENT'),
(3517, '2023-12-21', 35, 'PRESENT'),
(3518, '2023-12-01', 36, 'PRESENT'),
(3519, '2023-12-04', 36, 'PRESENT'),
(3520, '2023-12-05', 36, 'PRESENT'),
(3521, '2023-12-06', 36, 'PRESENT'),
(3522, '2023-12-07', 36, 'PRESENT'),
(3523, '2023-12-08', 36, 'PRESENT'),
(3524, '2023-12-11', 36, 'PRESENT'),
(3525, '2023-12-12', 36, 'PRESENT'),
(3526, '2023-12-13', 36, 'PRESENT'),
(3527, '2023-12-14', 36, 'PRESENT'),
(3528, '2023-12-15', 36, 'ABSENT'),
(3529, '2023-12-18', 36, 'PRESENT'),
(3530, '2023-12-19', 36, 'PRESENT'),
(3531, '2023-12-20', 36, 'PRESENT'),
(3532, '2023-12-21', 36, 'PRESENT'),
(3533, '2023-12-01', 38, 'PRESENT'),
(3534, '2023-12-04', 38, 'PRESENT'),
(3535, '2023-12-05', 38, 'PRESENT'),
(3536, '2023-12-06', 38, 'PRESENT'),
(3537, '2023-12-07', 38, 'PRESENT'),
(3538, '2023-12-08', 38, 'PRESENT'),
(3539, '2023-12-11', 38, 'PRESENT'),
(3540, '2023-12-12', 38, 'PRESENT'),
(3541, '2023-12-13', 38, 'PRESENT'),
(3542, '2023-12-14', 38, 'ABSENT'),
(3543, '2023-12-15', 38, 'ABSENT'),
(3544, '2023-12-18', 38, 'PRESENT'),
(3545, '2023-12-19', 38, 'PRESENT'),
(3546, '2023-12-20', 38, 'PRESENT'),
(3547, '2023-12-21', 38, 'PRESENT'),
(3548, '2023-12-01', 39, 'PRESENT'),
(3549, '2023-12-04', 39, 'PRESENT'),
(3550, '2023-12-05', 39, 'PRESENT'),
(3551, '2023-12-06', 39, 'PRESENT'),
(3552, '2023-12-07', 39, 'PRESENT'),
(3553, '2023-12-08', 39, 'PRESENT'),
(3554, '2023-12-11', 39, 'PRESENT'),
(3555, '2023-12-12', 39, 'PRESENT'),
(3556, '2023-12-13', 39, 'PRESENT'),
(3557, '2023-12-14', 39, 'PRESENT'),
(3558, '2023-12-15', 39, 'PRESENT'),
(3559, '2023-12-18', 39, 'PRESENT'),
(3560, '2023-12-19', 39, 'PRESENT'),
(3561, '2023-12-20', 39, 'PRESENT'),
(3562, '2023-12-21', 39, 'ABSENT'),
(3563, '2023-12-01', 40, 'ABSENT'),
(3564, '2023-12-04', 40, 'PRESENT'),
(3565, '2023-12-05', 40, 'ABSENT'),
(3566, '2023-12-06', 40, 'PRESENT'),
(3567, '2023-12-07', 40, 'PRESENT'),
(3568, '2023-12-08', 40, 'PRESENT'),
(3569, '2023-12-11', 40, 'PRESENT'),
(3570, '2023-12-12', 40, 'PRESENT'),
(3571, '2023-12-13', 40, 'PRESENT'),
(3572, '2023-12-14', 40, 'PRESENT'),
(3573, '2023-12-15', 40, 'PRESENT'),
(3574, '2023-12-18', 40, 'PRESENT'),
(3575, '2023-12-19', 40, 'PRESENT'),
(3576, '2023-12-20', 40, 'PRESENT'),
(3577, '2023-12-21', 40, 'PRESENT'),
(3578, '2023-12-01', 41, 'ABSENT'),
(3579, '2023-12-04', 41, 'ABSENT'),
(3580, '2023-12-05', 41, 'ABSENT'),
(3581, '2023-12-06', 41, 'ABSENT'),
(3582, '2023-12-07', 41, 'ABSENT'),
(3583, '2023-12-08', 41, 'ABSENT'),
(3584, '2023-12-11', 41, 'ABSENT'),
(3585, '2023-12-12', 41, 'ABSENT'),
(3586, '2023-12-01', 42, 'PRESENT'),
(3587, '2023-12-04', 42, 'ABSENT'),
(3588, '2023-12-05', 42, 'PRESENT'),
(3589, '2023-12-06', 42, 'ABSENT'),
(3590, '2023-12-07', 42, 'PRESENT'),
(3591, '2023-12-08', 42, 'PRESENT'),
(3592, '2023-12-11', 42, 'PRESENT'),
(3593, '2023-12-12', 42, 'PRESENT'),
(3594, '2023-12-13', 42, 'ABSENT'),
(3595, '2023-12-14', 42, 'PRESENT'),
(3596, '2023-12-15', 42, 'PRESENT'),
(3597, '2023-12-18', 42, 'PRESENT'),
(3598, '2023-12-19', 42, 'PRESENT'),
(3599, '2023-12-20', 42, 'PRESENT'),
(3600, '2023-12-21', 42, 'PRESENT'),
(3601, '2024-01-01', 23, 'ABSENT'),
(3602, '2024-01-03', 23, 'PRESENT'),
(3603, '2024-01-04', 23, 'PRESENT'),
(3604, '2024-01-05', 23, 'PRESENT'),
(3605, '2024-01-08', 23, 'PRESENT'),
(3606, '2024-01-09', 23, 'PRESENT'),
(3607, '2024-01-10', 23, 'ABSENT'),
(3608, '2024-01-11', 23, 'PRESENT'),
(3609, '2024-01-12', 23, 'PRESENT'),
(3610, '2024-01-16', 23, 'PRESENT'),
(3611, '2024-01-17', 23, 'PRESENT'),
(3612, '2024-01-18', 23, 'PRESENT'),
(3613, '2024-01-19', 23, 'PRESENT'),
(3614, '2024-01-22', 23, 'ABSENT'),
(3615, '2024-01-23', 23, 'PRESENT'),
(3616, '2024-01-24', 23, 'PRESENT'),
(3617, '2024-01-26', 23, 'ABSENT'),
(3618, '2024-01-29', 23, 'PRESENT'),
(3619, '2024-01-30', 23, 'PRESENT'),
(3620, '2024-01-31', 23, 'PRESENT'),
(3621, '2024-01-01', 24, 'PRESENT'),
(3622, '2024-01-03', 24, 'PRESENT'),
(3623, '2024-01-04', 24, 'PRESENT'),
(3624, '2024-01-05', 24, 'ABSENT'),
(3625, '2024-01-08', 24, 'PRESENT'),
(3626, '2024-01-09', 24, 'PRESENT'),
(3627, '2024-01-10', 24, 'PRESENT'),
(3628, '2024-01-11', 24, 'PRESENT'),
(3629, '2024-01-12', 24, 'PRESENT'),
(3630, '2024-01-16', 24, 'PRESENT'),
(3631, '2024-01-17', 24, 'ABSENT'),
(3632, '2024-01-18', 24, 'ABSENT'),
(3633, '2024-01-19', 24, 'ABSENT'),
(3634, '2024-01-22', 24, 'PRESENT'),
(3635, '2024-01-23', 24, 'PRESENT'),
(3636, '2024-01-24', 24, 'PRESENT'),
(3637, '2024-01-26', 24, 'ABSENT'),
(3638, '2024-01-29', 24, 'PRESENT'),
(3639, '2024-01-30', 24, 'PRESENT'),
(3640, '2024-01-31', 24, 'PRESENT'),
(3641, '2024-01-01', 25, 'PRESENT'),
(3642, '2024-01-03', 25, 'PRESENT'),
(3643, '2024-01-04', 25, 'PRESENT'),
(3644, '2024-01-05', 25, 'PRESENT'),
(3645, '2024-01-08', 25, 'PRESENT'),
(3646, '2024-01-09', 25, 'PRESENT'),
(3647, '2024-01-10', 25, 'PRESENT'),
(3648, '2024-01-11', 25, 'PRESENT'),
(3649, '2024-01-12', 25, 'PRESENT'),
(3650, '2024-01-16', 25, 'ABSENT'),
(3651, '2024-01-17', 25, 'PRESENT'),
(3652, '2024-01-18', 25, 'PRESENT'),
(3653, '2024-01-19', 25, 'PRESENT'),
(3654, '2024-01-22', 25, 'PRESENT'),
(3655, '2024-01-23', 25, 'PRESENT'),
(3656, '2024-01-24', 25, 'PRESENT'),
(3657, '2024-01-26', 25, 'PRESENT'),
(3658, '2024-01-29', 25, 'ABSENT'),
(3659, '2024-01-30', 25, 'PRESENT'),
(3660, '2024-01-31', 25, 'PRESENT'),
(3661, '2024-01-01', 26, 'PRESENT'),
(3662, '2024-01-03', 26, 'PRESENT'),
(3663, '2024-01-04', 26, 'PRESENT'),
(3664, '2024-01-05', 26, 'PRESENT'),
(3665, '2024-01-08', 26, 'PRESENT'),
(3666, '2024-01-09', 26, 'PRESENT'),
(3667, '2024-01-10', 26, 'PRESENT'),
(3668, '2024-01-11', 26, 'PRESENT'),
(3669, '2024-01-12', 26, 'ABSENT'),
(3670, '2024-01-16', 26, 'PRESENT'),
(3671, '2024-01-17', 26, 'ABSENT'),
(3672, '2024-01-18', 26, 'PRESENT'),
(3673, '2024-01-19', 26, 'PRESENT'),
(3674, '2024-01-22', 26, 'PRESENT'),
(3675, '2024-01-23', 26, 'PRESENT'),
(3676, '2024-01-24', 26, 'PRESENT'),
(3677, '2024-01-26', 26, 'ABSENT'),
(3678, '2024-01-29', 26, 'PRESENT'),
(3679, '2024-01-30', 26, 'PRESENT'),
(3680, '2024-01-31', 26, 'PRESENT'),
(3681, '2024-01-01', 27, 'PRESENT'),
(3682, '2024-01-03', 27, 'ABSENT'),
(3683, '2024-01-04', 27, 'PRESENT'),
(3684, '2024-01-05', 27, 'PRESENT'),
(3685, '2024-01-08', 27, 'PRESENT'),
(3686, '2024-01-09', 27, 'ABSENT'),
(3687, '2024-01-10', 27, 'ABSENT'),
(3688, '2024-01-11', 27, 'PRESENT'),
(3689, '2024-01-12', 27, 'PRESENT'),
(3690, '2024-01-16', 27, 'PRESENT'),
(3691, '2024-01-17', 27, 'PRESENT'),
(3692, '2024-01-18', 27, 'PRESENT'),
(3693, '2024-01-19', 27, 'PRESENT'),
(3694, '2024-01-22', 27, 'PRESENT'),
(3695, '2024-01-23', 27, 'PRESENT'),
(3696, '2024-01-24', 27, 'PRESENT'),
(3697, '2024-01-26', 27, 'ABSENT'),
(3698, '2024-01-29', 27, 'PRESENT'),
(3699, '2024-01-30', 27, 'PRESENT'),
(3700, '2024-01-31', 27, 'PRESENT'),
(3701, '2024-01-01', 28, 'PRESENT'),
(3702, '2024-01-03', 28, 'PRESENT'),
(3703, '2024-01-04', 28, 'PRESENT'),
(3704, '2024-01-05', 28, 'PRESENT'),
(3705, '2024-01-08', 28, 'PRESENT'),
(3706, '2024-01-09', 28, 'ABSENT'),
(3707, '2024-01-10', 28, 'PRESENT'),
(3708, '2024-01-11', 28, 'PRESENT'),
(3709, '2024-01-12', 28, 'ABSENT'),
(3710, '2024-01-16', 28, 'PRESENT'),
(3711, '2024-01-17', 28, 'PRESENT'),
(3712, '2024-01-18', 28, 'PRESENT'),
(3713, '2024-01-19', 28, 'PRESENT'),
(3714, '2024-01-22', 28, 'PRESENT'),
(3715, '2024-01-23', 28, 'PRESENT'),
(3716, '2024-01-24', 28, 'PRESENT'),
(3717, '2024-01-26', 28, 'ABSENT'),
(3718, '2024-01-29', 28, 'PRESENT'),
(3719, '2024-01-30', 28, 'PRESENT'),
(3720, '2024-01-31', 28, 'PRESENT'),
(3721, '2024-01-01', 29, 'PRESENT'),
(3722, '2024-01-03', 29, 'ABSENT'),
(3723, '2024-01-04', 29, 'PRESENT'),
(3724, '2024-01-05', 29, 'PRESENT'),
(3725, '2024-01-08', 29, 'PRESENT'),
(3726, '2024-01-09', 29, 'PRESENT'),
(3727, '2024-01-10', 29, 'PRESENT'),
(3728, '2024-01-11', 29, 'PRESENT'),
(3729, '2024-01-12', 29, 'PRESENT'),
(3730, '2024-01-16', 29, 'PRESENT'),
(3731, '2024-01-17', 29, 'ABSENT'),
(3732, '2024-01-18', 29, 'PRESENT'),
(3733, '2024-01-19', 29, 'PRESENT'),
(3734, '2024-01-22', 29, 'PRESENT'),
(3735, '2024-01-23', 29, 'PRESENT'),
(3736, '2024-01-24', 29, 'PRESENT'),
(3737, '2024-01-26', 29, 'PRESENT'),
(3738, '2024-01-29', 29, 'PRESENT'),
(3739, '2024-01-30', 29, 'ABSENT'),
(3740, '2024-01-31', 29, 'PRESENT'),
(3741, '2024-01-01', 30, 'PRESENT'),
(3742, '2024-01-03', 30, 'PRESENT'),
(3743, '2024-01-04', 30, 'PRESENT'),
(3744, '2024-01-05', 30, 'PRESENT'),
(3745, '2024-01-08', 30, 'PRESENT'),
(3746, '2024-01-09', 30, 'PRESENT'),
(3747, '2024-01-10', 30, 'PRESENT'),
(3748, '2024-01-11', 30, 'PRESENT'),
(3749, '2024-01-12', 30, 'PRESENT'),
(3750, '2024-01-16', 30, 'PRESENT'),
(3751, '2024-01-17', 30, 'PRESENT'),
(3752, '2024-01-18', 30, 'PRESENT'),
(3753, '2024-01-19', 30, 'PRESENT'),
(3754, '2024-01-22', 30, 'PRESENT'),
(3755, '2024-01-23', 30, 'PRESENT'),
(3756, '2024-01-24', 30, 'PRESENT'),
(3757, '2024-01-26', 30, 'PRESENT'),
(3758, '2024-01-29', 30, 'PRESENT'),
(3759, '2024-01-30', 30, 'PRESENT'),
(3760, '2024-01-31', 30, 'PRESENT'),
(3761, '2024-01-01', 31, 'PRESENT'),
(3762, '2024-01-03', 31, 'PRESENT'),
(3763, '2024-01-04', 31, 'PRESENT'),
(3764, '2024-01-05', 31, 'PRESENT'),
(3765, '2024-01-08', 31, 'PRESENT'),
(3766, '2024-01-09', 31, 'PRESENT'),
(3767, '2024-01-10', 31, 'PRESENT'),
(3768, '2024-01-11', 31, 'PRESENT'),
(3769, '2024-01-12', 31, 'ABSENT'),
(3770, '2024-01-16', 31, 'PRESENT'),
(3771, '2024-01-17', 31, 'ABSENT'),
(3772, '2024-01-18', 31, 'PRESENT'),
(3773, '2024-01-19', 31, 'PRESENT'),
(3774, '2024-01-22', 31, 'PRESENT'),
(3775, '2024-01-23', 31, 'PRESENT'),
(3776, '2024-01-24', 31, 'PRESENT'),
(3777, '2024-01-26', 31, 'PRESENT'),
(3778, '2024-01-29', 31, 'ABSENT'),
(3779, '2024-01-30', 31, 'ABSENT'),
(3780, '2024-01-31', 31, 'PRESENT'),
(3781, '2024-01-01', 32, 'PRESENT'),
(3782, '2024-01-03', 32, 'PRESENT'),
(3783, '2024-01-04', 32, 'PRESENT'),
(3784, '2024-01-05', 32, 'PRESENT'),
(3785, '2024-01-08', 32, 'PRESENT'),
(3786, '2024-01-09', 32, 'PRESENT'),
(3787, '2024-01-10', 32, 'PRESENT'),
(3788, '2024-01-11', 32, 'PRESENT'),
(3789, '2024-01-12', 32, 'PRESENT'),
(3790, '2024-01-16', 32, 'PRESENT'),
(3791, '2024-01-17', 32, 'PRESENT'),
(3792, '2024-01-18', 32, 'PRESENT'),
(3793, '2024-01-19', 32, 'PRESENT'),
(3794, '2024-01-22', 32, 'PRESENT'),
(3795, '2024-01-23', 32, 'PRESENT'),
(3796, '2024-01-24', 32, 'PRESENT'),
(3797, '2024-01-26', 32, 'PRESENT'),
(3798, '2024-01-29', 32, 'PRESENT'),
(3799, '2024-01-30', 32, 'PRESENT'),
(3800, '2024-01-31', 32, 'PRESENT'),
(3801, '2024-01-01', 33, 'PRESENT'),
(3802, '2024-01-03', 33, 'PRESENT'),
(3803, '2024-01-04', 33, 'PRESENT'),
(3804, '2024-01-05', 33, 'PRESENT'),
(3805, '2024-01-08', 33, 'PRESENT'),
(3806, '2024-01-09', 33, 'PRESENT'),
(3807, '2024-01-10', 33, 'PRESENT'),
(3808, '2024-01-11', 33, 'PRESENT'),
(3809, '2024-01-12', 33, 'PRESENT'),
(3810, '2024-01-16', 33, 'PRESENT'),
(3811, '2024-01-17', 33, 'PRESENT'),
(3812, '2024-01-18', 33, 'PRESENT'),
(3813, '2024-01-19', 33, 'PRESENT'),
(3814, '2024-01-22', 33, 'PRESENT'),
(3815, '2024-01-23', 33, 'PRESENT'),
(3816, '2024-01-24', 33, 'PRESENT'),
(3817, '2024-01-26', 33, 'PRESENT'),
(3818, '2024-01-29', 33, 'ABSENT'),
(3819, '2024-01-30', 33, 'PRESENT'),
(3820, '2024-01-31', 33, 'PRESENT'),
(3821, '2024-01-01', 34, 'PRESENT'),
(3822, '2024-01-03', 34, 'PRESENT'),
(3823, '2024-01-04', 34, 'PRESENT'),
(3824, '2024-01-05', 34, 'PRESENT'),
(3825, '2024-01-08', 34, 'PRESENT'),
(3826, '2024-01-09', 34, 'PRESENT'),
(3827, '2024-01-10', 34, 'PRESENT'),
(3828, '2024-01-11', 34, 'PRESENT'),
(3829, '2024-01-12', 34, 'PRESENT'),
(3830, '2024-01-16', 34, 'PRESENT'),
(3831, '2024-01-17', 34, 'PRESENT'),
(3832, '2024-01-18', 34, 'PRESENT'),
(3833, '2024-01-19', 34, 'PRESENT'),
(3834, '2024-01-22', 34, 'PRESENT'),
(3835, '2024-01-23', 34, 'PRESENT'),
(3836, '2024-01-24', 34, 'PRESENT'),
(3837, '2024-01-26', 34, 'ABSENT'),
(3838, '2024-01-29', 34, 'PRESENT'),
(3839, '2024-01-30', 34, 'PRESENT'),
(3840, '2024-01-31', 34, 'PRESENT'),
(3841, '2024-01-01', 35, 'PRESENT'),
(3842, '2024-01-03', 35, 'PRESENT'),
(3843, '2024-01-04', 35, 'PRESENT'),
(3844, '2024-01-05', 35, 'PRESENT'),
(3845, '2024-01-08', 35, 'ABSENT'),
(3846, '2024-01-09', 35, 'PRESENT'),
(3847, '2024-01-10', 35, 'PRESENT'),
(3848, '2024-01-11', 35, 'PRESENT'),
(3849, '2024-01-12', 35, 'ABSENT'),
(3850, '2024-01-16', 35, 'ABSENT'),
(3851, '2024-01-17', 35, 'PRESENT'),
(3852, '2024-01-18', 35, 'PRESENT'),
(3853, '2024-01-19', 35, 'PRESENT'),
(3854, '2024-01-22', 35, 'ABSENT'),
(3855, '2024-01-23', 35, 'PRESENT'),
(3856, '2024-01-24', 35, 'PRESENT'),
(3857, '2024-01-26', 35, 'PRESENT'),
(3858, '2024-01-29', 35, 'PRESENT'),
(3859, '2024-01-30', 35, 'PRESENT'),
(3860, '2024-01-31', 35, 'PRESENT'),
(3861, '2024-01-01', 36, 'PRESENT'),
(3862, '2024-01-03', 36, 'PRESENT'),
(3863, '2024-01-04', 36, 'PRESENT'),
(3864, '2024-01-05', 36, 'PRESENT'),
(3865, '2024-01-08', 36, 'PRESENT'),
(3866, '2024-01-09', 36, 'PRESENT'),
(3867, '2024-01-10', 36, 'PRESENT'),
(3868, '2024-01-11', 36, 'PRESENT'),
(3869, '2024-01-12', 36, 'PRESENT'),
(3870, '2024-01-16', 36, 'PRESENT'),
(3871, '2024-01-17', 36, 'PRESENT'),
(3872, '2024-01-18', 36, 'PRESENT'),
(3873, '2024-01-19', 36, 'PRESENT'),
(3874, '2024-01-22', 36, 'PRESENT'),
(3875, '2024-01-23', 36, 'PRESENT'),
(3876, '2024-01-24', 36, 'PRESENT'),
(3877, '2024-01-26', 36, 'ABSENT'),
(3878, '2024-01-29', 36, 'PRESENT'),
(3879, '2024-01-30', 36, 'PRESENT'),
(3880, '2024-01-31', 36, 'PRESENT'),
(3881, '2024-01-01', 38, 'PRESENT'),
(3882, '2024-01-03', 38, 'PRESENT'),
(3883, '2024-01-04', 38, 'PRESENT'),
(3884, '2024-01-05', 38, 'PRESENT'),
(3885, '2024-01-08', 38, 'PRESENT'),
(3886, '2024-01-09', 38, 'PRESENT'),
(3887, '2024-01-10', 38, 'PRESENT'),
(3888, '2024-01-11', 38, 'PRESENT'),
(3889, '2024-01-12', 38, 'PRESENT'),
(3890, '2024-01-16', 38, 'PRESENT'),
(3891, '2024-01-17', 38, 'PRESENT'),
(3892, '2024-01-18', 38, 'PRESENT'),
(3893, '2024-01-19', 38, 'PRESENT'),
(3894, '2024-01-22', 38, 'PRESENT'),
(3895, '2024-01-23', 38, 'PRESENT'),
(3896, '2024-01-24', 38, 'PRESENT'),
(3897, '2024-01-26', 38, 'PRESENT'),
(3898, '2024-01-29', 38, 'ABSENT'),
(3899, '2024-01-30', 38, 'PRESENT'),
(3900, '2024-01-31', 38, 'PRESENT'),
(3901, '2024-01-01', 39, 'PRESENT'),
(3902, '2024-01-03', 39, 'PRESENT'),
(3903, '2024-01-04', 39, 'PRESENT'),
(3904, '2024-01-05', 39, 'PRESENT'),
(3905, '2024-01-08', 39, 'PRESENT'),
(3906, '2024-01-09', 39, 'PRESENT'),
(3907, '2024-01-10', 39, 'PRESENT'),
(3908, '2024-01-11', 39, 'PRESENT'),
(3909, '2024-01-12', 39, 'PRESENT'),
(3910, '2024-01-16', 39, 'PRESENT'),
(3911, '2024-01-17', 39, 'PRESENT'),
(3912, '2024-01-18', 39, 'PRESENT'),
(3913, '2024-01-19', 39, 'PRESENT'),
(3914, '2024-01-22', 39, 'PRESENT'),
(3915, '2024-01-23', 39, 'PRESENT'),
(3916, '2024-01-24', 39, 'PRESENT'),
(3917, '2024-01-26', 39, 'ABSENT'),
(3918, '2024-01-29', 39, 'PRESENT'),
(3919, '2024-01-30', 39, 'PRESENT'),
(3920, '2024-01-31', 39, 'PRESENT'),
(3921, '2024-01-01', 40, 'PRESENT'),
(3922, '2024-01-03', 40, 'PRESENT'),
(3923, '2024-01-04', 40, 'PRESENT'),
(3924, '2024-01-05', 40, 'PRESENT'),
(3925, '2024-01-08', 40, 'PRESENT'),
(3926, '2024-01-09', 40, 'PRESENT'),
(3927, '2024-01-10', 40, 'PRESENT'),
(3928, '2024-01-11', 40, 'PRESENT'),
(3929, '2024-01-12', 40, 'ABSENT'),
(3930, '2024-01-16', 40, 'PRESENT'),
(3931, '2024-01-17', 40, 'ABSENT'),
(3932, '2024-01-18', 40, 'PRESENT'),
(3933, '2024-01-19', 40, 'PRESENT'),
(3934, '2024-01-22', 40, 'PRESENT'),
(3935, '2024-01-23', 40, 'PRESENT'),
(3936, '2024-01-24', 40, 'PRESENT'),
(3937, '2024-01-26', 40, 'ABSENT'),
(3938, '2024-01-29', 40, 'PRESENT'),
(3939, '2024-01-30', 40, 'PRESENT'),
(3940, '2024-01-31', 40, 'PRESENT'),
(3941, '2024-01-01', 42, 'ABSENT'),
(3942, '2024-01-03', 42, 'ABSENT'),
(3943, '2024-01-04', 42, 'PRESENT'),
(3944, '2024-01-05', 42, 'PRESENT'),
(3945, '2024-01-08', 42, 'PRESENT'),
(3946, '2024-01-09', 42, 'PRESENT'),
(3947, '2024-01-10', 42, 'ABSENT'),
(3948, '2024-01-11', 42, 'PRESENT'),
(3949, '2024-01-12', 42, 'PRESENT'),
(3950, '2024-01-16', 42, 'PRESENT'),
(3951, '2024-01-17', 42, 'PRESENT'),
(3952, '2024-01-18', 42, 'ABSENT'),
(3953, '2024-01-19', 42, 'PRESENT'),
(3954, '2024-01-22', 42, 'PRESENT'),
(3955, '2024-01-23', 42, 'PRESENT'),
(3956, '2024-01-24', 42, 'PRESENT'),
(3957, '2024-01-26', 42, 'PRESENT'),
(3958, '2024-01-29', 42, 'PRESENT'),
(3959, '2024-01-30', 42, 'ABSENT'),
(3960, '2024-01-31', 42, 'PRESENT'),
(3961, '2022-04-20', 1, 'PRESENT'),
(3962, '2022-04-21', 1, 'PRESENT'),
(3963, '2022-04-22', 1, 'PRESENT'),
(3964, '2022-04-25', 1, 'PRESENT'),
(3965, '2022-04-26', 1, 'PRESENT'),
(3966, '2022-04-27', 1, 'PRESENT'),
(3967, '2022-04-28', 1, 'PRESENT'),
(3968, '2022-04-29', 1, 'PRESENT'),
(3969, '2022-04-20', 2, 'PRESENT'),
(3970, '2022-04-21', 2, 'PRESENT'),
(3971, '2022-04-22', 2, 'PRESENT'),
(3972, '2022-04-25', 2, 'PRESENT'),
(3973, '2022-04-26', 2, 'PRESENT'),
(3974, '2022-04-27', 2, 'PRESENT'),
(3975, '2022-04-28', 2, 'PRESENT'),
(3976, '2022-04-29', 2, 'PRESENT'),
(3977, '2022-04-20', 3, 'PRESENT'),
(3978, '2022-04-21', 3, 'PRESENT'),
(3979, '2022-04-22', 3, 'PRESENT'),
(3980, '2022-04-25', 3, 'PRESENT'),
(3981, '2022-04-26', 3, 'PRESENT'),
(3982, '2022-04-27', 3, 'PRESENT'),
(3983, '2022-04-28', 3, 'PRESENT'),
(3984, '2022-04-29', 3, 'PRESENT'),
(3985, '2022-04-20', 4, 'PRESENT'),
(3986, '2022-04-21', 4, 'PRESENT'),
(3987, '2022-04-22', 4, 'PRESENT'),
(3988, '2022-04-25', 4, 'PRESENT'),
(3989, '2022-04-26', 4, 'PRESENT'),
(3990, '2022-04-27', 4, 'PRESENT'),
(3991, '2022-04-28', 4, 'PRESENT'),
(3992, '2022-04-29', 4, 'PRESENT'),
(3993, '2022-04-20', 5, 'PRESENT'),
(3994, '2022-04-21', 5, 'PRESENT'),
(3995, '2022-04-22', 5, 'PRESENT'),
(3996, '2022-04-25', 5, 'PRESENT'),
(3997, '2022-04-26', 5, 'PRESENT'),
(3998, '2022-04-27', 5, 'PRESENT'),
(3999, '2022-04-28', 5, 'PRESENT'),
(4000, '2022-04-29', 5, 'PRESENT'),
(4001, '2022-04-20', 6, 'PRESENT'),
(4002, '2022-04-21', 6, 'PRESENT'),
(4003, '2022-04-22', 6, 'PRESENT'),
(4004, '2022-04-25', 6, 'PRESENT'),
(4005, '2022-04-26', 6, 'PRESENT'),
(4006, '2022-04-27', 6, 'PRESENT'),
(4007, '2022-04-28', 6, 'PRESENT'),
(4008, '2022-04-29', 6, 'PRESENT'),
(4009, '2022-04-20', 7, 'PRESENT'),
(4010, '2022-04-21', 7, 'PRESENT'),
(4011, '2022-04-22', 7, 'PRESENT'),
(4012, '2022-04-25', 7, 'PRESENT'),
(4013, '2022-04-26', 7, 'PRESENT'),
(4014, '2022-04-27', 7, 'PRESENT'),
(4015, '2022-04-28', 7, 'PRESENT'),
(4016, '2022-04-29', 7, 'PRESENT'),
(4017, '2022-04-20', 8, 'PRESENT'),
(4018, '2022-04-21', 8, 'PRESENT'),
(4019, '2022-04-22', 8, 'PRESENT'),
(4020, '2022-04-25', 8, 'PRESENT'),
(4021, '2022-04-26', 8, 'PRESENT'),
(4022, '2022-04-27', 8, 'PRESENT'),
(4023, '2022-04-28', 8, 'PRESENT'),
(4024, '2022-04-29', 8, 'PRESENT'),
(4025, '2022-04-20', 9, 'PRESENT'),
(4026, '2022-04-21', 9, 'PRESENT'),
(4027, '2022-04-22', 9, 'PRESENT'),
(4028, '2022-04-25', 9, 'PRESENT'),
(4029, '2022-04-26', 9, 'PRESENT'),
(4030, '2022-04-27', 9, 'PRESENT'),
(4031, '2022-04-28', 9, 'PRESENT'),
(4032, '2022-04-29', 9, 'PRESENT'),
(4033, '2022-04-20', 10, 'PRESENT'),
(4034, '2022-04-21', 10, 'PRESENT'),
(4035, '2022-04-22', 10, 'PRESENT'),
(4036, '2022-04-25', 10, 'PRESENT'),
(4037, '2022-04-26', 10, 'PRESENT'),
(4038, '2022-04-27', 10, 'PRESENT'),
(4039, '2022-04-28', 10, 'PRESENT'),
(4040, '2022-04-29', 10, 'PRESENT'),
(4041, '2022-04-20', 11, 'PRESENT'),
(4042, '2022-04-21', 11, 'PRESENT'),
(4043, '2022-04-22', 11, 'PRESENT'),
(4044, '2022-04-25', 11, 'PRESENT'),
(4045, '2022-04-26', 11, 'PRESENT'),
(4046, '2022-04-27', 11, 'PRESENT'),
(4047, '2022-04-28', 11, 'PRESENT'),
(4048, '2022-04-29', 11, 'PRESENT'),
(4049, '2022-04-25', 12, 'PRESENT'),
(4050, '2022-04-26', 12, 'PRESENT'),
(4051, '2022-04-27', 12, 'PRESENT'),
(4052, '2022-04-28', 12, 'PRESENT'),
(4053, '2022-04-29', 12, 'PRESENT'),
(4054, '2022-04-25', 13, 'PRESENT'),
(4055, '2022-04-26', 13, 'PRESENT'),
(4056, '2022-04-27', 13, 'PRESENT'),
(4057, '2022-04-28', 13, 'PRESENT'),
(4058, '2022-04-29', 13, 'PRESENT'),
(4059, '2022-04-25', 14, 'PRESENT'),
(4060, '2022-04-26', 14, 'PRESENT'),
(4061, '2022-04-27', 14, 'PRESENT'),
(4062, '2022-04-28', 14, 'PRESENT'),
(4063, '2022-04-29', 14, 'PRESENT'),
(4064, '2022-04-22', 15, 'PRESENT'),
(4065, '2022-04-25', 15, 'PRESENT'),
(4066, '2022-04-26', 15, 'PRESENT'),
(4067, '2022-04-27', 15, 'PRESENT'),
(4068, '2022-04-28', 15, 'PRESENT'),
(4069, '2022-04-29', 15, 'PRESENT'),
(4070, '2022-04-29', 16, 'PRESENT'),
(4071, '2022-05-04', 1, 'PRESENT'),
(4072, '2022-05-05', 1, 'PRESENT'),
(4073, '2022-05-06', 1, 'ABSENT'),
(4074, '2022-05-09', 1, 'PRESENT'),
(4075, '2022-05-17', 1, 'PRESENT'),
(4076, '2022-05-18', 1, 'PRESENT'),
(4077, '2022-05-19', 1, 'PRESENT'),
(4078, '2022-05-23', 1, 'PRESENT'),
(4079, '2022-05-24', 1, 'PRESENT'),
(4080, '2022-05-25', 1, 'ABSENT'),
(4081, '2022-05-26', 1, 'PRESENT'),
(4082, '2022-05-30', 1, 'PRESENT'),
(4083, '2022-05-31', 1, 'PRESENT'),
(4084, '2022-05-04', 2, 'PRESENT'),
(4085, '2022-05-05', 2, 'PRESENT'),
(4086, '2022-05-06', 2, 'ABSENT'),
(4087, '2022-05-09', 2, 'PRESENT'),
(4088, '2022-05-17', 2, 'PRESENT'),
(4089, '2022-05-18', 2, 'PRESENT'),
(4090, '2022-05-19', 2, 'PRESENT'),
(4091, '2022-05-23', 2, 'PRESENT'),
(4092, '2022-05-24', 2, 'PRESENT'),
(4093, '2022-05-25', 2, 'PRESENT'),
(4094, '2022-05-26', 2, 'PRESENT'),
(4095, '2022-05-30', 2, 'PRESENT'),
(4096, '2022-05-31', 2, 'PRESENT'),
(4097, '2022-05-04', 3, 'PRESENT'),
(4098, '2022-05-05', 3, 'PRESENT'),
(4099, '2022-05-06', 3, 'ABSENT'),
(4100, '2022-05-09', 3, 'PRESENT'),
(4101, '2022-05-17', 3, 'PRESENT'),
(4102, '2022-05-18', 3, 'PRESENT'),
(4103, '2022-05-19', 3, 'PRESENT'),
(4104, '2022-05-23', 3, 'PRESENT'),
(4105, '2022-05-24', 3, 'ABSENT'),
(4106, '2022-05-25', 3, 'ABSENT'),
(4107, '2022-05-26', 3, 'ABSENT'),
(4108, '2022-05-30', 3, 'PRESENT'),
(4109, '2022-05-31', 3, 'PRESENT'),
(4110, '2022-05-04', 4, 'PRESENT'),
(4111, '2022-05-05', 4, 'PRESENT'),
(4112, '2022-05-06', 4, 'ABSENT'),
(4113, '2022-05-09', 4, 'ABSENT'),
(4114, '2022-05-17', 4, 'PRESENT'),
(4115, '2022-05-18', 4, 'PRESENT'),
(4116, '2022-05-19', 4, 'PRESENT'),
(4117, '2022-05-23', 4, 'PRESENT'),
(4118, '2022-05-24', 4, 'PRESENT'),
(4119, '2022-05-25', 4, 'PRESENT'),
(4120, '2022-05-26', 4, 'PRESENT'),
(4121, '2022-05-30', 4, 'PRESENT'),
(4122, '2022-05-31', 4, 'ABSENT'),
(4123, '2022-05-04', 5, 'PRESENT'),
(4124, '2022-05-05', 5, 'PRESENT'),
(4125, '2022-05-06', 5, 'ABSENT'),
(4126, '2022-05-09', 5, 'PRESENT'),
(4127, '2022-05-17', 5, 'PRESENT'),
(4128, '2022-05-18', 5, 'PRESENT'),
(4129, '2022-05-19', 5, 'PRESENT'),
(4130, '2022-05-23', 5, 'PRESENT'),
(4131, '2022-05-24', 5, 'PRESENT'),
(4132, '2022-05-25', 5, 'PRESENT'),
(4133, '2022-05-26', 5, 'PRESENT'),
(4134, '2022-05-30', 5, 'PRESENT'),
(4135, '2022-05-31', 5, 'PRESENT'),
(4136, '2022-05-04', 6, 'PRESENT'),
(4137, '2022-05-05', 6, 'PRESENT'),
(4138, '2022-05-06', 6, 'PRESENT'),
(4139, '2022-05-09', 6, 'PRESENT'),
(4140, '2022-05-17', 6, 'PRESENT'),
(4141, '2022-05-18', 6, 'PRESENT'),
(4142, '2022-05-19', 6, 'PRESENT'),
(4143, '2022-05-23', 6, 'PRESENT'),
(4144, '2022-05-24', 6, 'PRESENT'),
(4145, '2022-05-25', 6, 'PRESENT'),
(4146, '2022-05-26', 6, 'ABSENT'),
(4147, '2022-05-30', 6, 'PRESENT'),
(4148, '2022-05-31', 6, 'PRESENT'),
(4149, '2022-05-04', 7, 'PRESENT'),
(4150, '2022-05-05', 7, 'PRESENT'),
(4151, '2022-05-06', 7, 'PRESENT'),
(4152, '2022-05-09', 7, 'PRESENT'),
(4153, '2022-05-17', 7, 'PRESENT'),
(4154, '2022-05-18', 7, 'PRESENT'),
(4155, '2022-05-19', 7, 'PRESENT'),
(4156, '2022-05-23', 7, 'PRESENT'),
(4157, '2022-05-24', 7, 'PRESENT'),
(4158, '2022-05-25', 7, 'ABSENT'),
(4159, '2022-05-26', 7, 'ABSENT'),
(4160, '2022-05-30', 7, 'PRESENT'),
(4161, '2022-05-31', 7, 'ABSENT'),
(4162, '2022-05-04', 8, 'PRESENT'),
(4163, '2022-05-05', 8, 'PRESENT'),
(4164, '2022-05-06', 8, 'PRESENT'),
(4165, '2022-05-09', 8, 'PRESENT'),
(4166, '2022-05-17', 8, 'PRESENT'),
(4167, '2022-05-18', 8, 'PRESENT'),
(4168, '2022-05-19', 8, 'PRESENT'),
(4169, '2022-05-23', 8, 'PRESENT'),
(4170, '2022-05-24', 8, 'PRESENT'),
(4171, '2022-05-25', 8, 'PRESENT'),
(4172, '2022-05-26', 8, 'PRESENT'),
(4173, '2022-05-30', 8, 'PRESENT'),
(4174, '2022-05-31', 8, 'PRESENT'),
(4175, '2022-05-04', 9, 'PRESENT'),
(4176, '2022-05-05', 9, 'PRESENT'),
(4177, '2022-05-06', 9, 'PRESENT'),
(4178, '2022-05-09', 9, 'PRESENT'),
(4179, '2022-05-17', 9, 'PRESENT'),
(4180, '2022-05-18', 9, 'PRESENT'),
(4181, '2022-05-19', 9, 'PRESENT'),
(4182, '2022-05-23', 9, 'PRESENT'),
(4183, '2022-05-24', 9, 'PRESENT'),
(4184, '2022-05-25', 9, 'PRESENT'),
(4185, '2022-05-26', 9, 'PRESENT'),
(4186, '2022-05-30', 9, 'PRESENT'),
(4187, '2022-05-31', 9, 'ABSENT'),
(4188, '2022-05-04', 10, 'PRESENT'),
(4189, '2022-05-05', 10, 'PRESENT'),
(4190, '2022-05-06', 10, 'PRESENT'),
(4191, '2022-05-09', 10, 'PRESENT'),
(4192, '2022-05-17', 10, 'PRESENT'),
(4193, '2022-05-18', 10, 'PRESENT'),
(4194, '2022-05-19', 10, 'PRESENT'),
(4195, '2022-05-23', 10, 'PRESENT'),
(4196, '2022-05-24', 10, 'ABSENT'),
(4197, '2022-05-25', 10, 'PRESENT'),
(4198, '2022-05-26', 10, 'PRESENT'),
(4199, '2022-05-30', 10, 'PRESENT'),
(4200, '2022-05-31', 10, 'PRESENT'),
(4201, '2022-05-04', 11, 'PRESENT'),
(4202, '2022-05-05', 11, 'PRESENT'),
(4203, '2022-05-06', 11, 'PRESENT'),
(4204, '2022-05-09', 11, 'PRESENT'),
(4205, '2022-05-17', 11, 'PRESENT'),
(4206, '2022-05-18', 11, 'PRESENT'),
(4207, '2022-05-19', 11, 'PRESENT'),
(4208, '2022-05-23', 11, 'PRESENT'),
(4209, '2022-05-24', 11, 'PRESENT'),
(4210, '2022-05-25', 11, 'PRESENT'),
(4211, '2022-05-26', 11, 'PRESENT'),
(4212, '2022-05-30', 11, 'PRESENT'),
(4213, '2022-05-31', 11, 'PRESENT'),
(4214, '2022-05-04', 12, 'PRESENT'),
(4215, '2022-05-05', 12, 'PRESENT'),
(4216, '2022-05-06', 12, 'ABSENT'),
(4217, '2022-05-09', 12, 'PRESENT'),
(4218, '2022-05-17', 12, 'PRESENT'),
(4219, '2022-05-18', 12, 'PRESENT'),
(4220, '2022-05-19', 12, 'PRESENT'),
(4221, '2022-05-23', 12, 'PRESENT'),
(4222, '2022-05-24', 12, 'PRESENT'),
(4223, '2022-05-25', 12, 'PRESENT'),
(4224, '2022-05-26', 12, 'PRESENT'),
(4225, '2022-05-30', 12, 'PRESENT'),
(4226, '2022-05-31', 12, 'PRESENT'),
(4227, '2022-05-04', 13, 'PRESENT'),
(4228, '2022-05-05', 13, 'PRESENT'),
(4229, '2022-05-06', 13, 'ABSENT'),
(4230, '2022-05-09', 13, 'PRESENT'),
(4231, '2022-05-17', 13, 'PRESENT'),
(4232, '2022-05-18', 13, 'PRESENT'),
(4233, '2022-05-19', 13, 'PRESENT'),
(4234, '2022-05-23', 13, 'PRESENT'),
(4235, '2022-05-24', 13, 'PRESENT'),
(4236, '2022-05-25', 13, 'PRESENT'),
(4237, '2022-05-26', 13, 'PRESENT'),
(4238, '2022-05-30', 13, 'PRESENT'),
(4239, '2022-05-31', 13, 'PRESENT'),
(4240, '2022-05-04', 14, 'PRESENT'),
(4241, '2022-05-05', 14, 'PRESENT'),
(4242, '2022-05-06', 14, 'ABSENT'),
(4243, '2022-05-09', 14, 'PRESENT'),
(4244, '2022-05-17', 14, 'PRESENT'),
(4245, '2022-05-18', 14, 'PRESENT'),
(4246, '2022-05-19', 14, 'PRESENT'),
(4247, '2022-05-23', 14, 'PRESENT'),
(4248, '2022-05-24', 14, 'PRESENT'),
(4249, '2022-05-25', 14, 'PRESENT'),
(4250, '2022-05-26', 14, 'ABSENT'),
(4251, '2022-05-30', 14, 'PRESENT'),
(4252, '2022-05-31', 14, 'PRESENT'),
(4253, '2022-05-04', 15, 'PRESENT'),
(4254, '2022-05-05', 15, 'ABSENT'),
(4255, '2022-05-06', 15, 'PRESENT'),
(4256, '2022-05-09', 15, 'PRESENT'),
(4257, '2022-05-17', 15, 'ABSENT'),
(4258, '2022-05-18', 15, 'ABSENT'),
(4259, '2022-05-19', 15, 'ABSENT'),
(4260, '2022-05-23', 15, 'PRESENT'),
(4261, '2022-05-24', 15, 'PRESENT'),
(4262, '2022-05-25', 15, 'PRESENT'),
(4263, '2022-05-26', 15, 'PRESENT'),
(4264, '2022-05-30', 15, 'PRESENT'),
(4265, '2022-05-31', 15, 'PRESENT'),
(4266, '2022-05-04', 16, 'PRESENT'),
(4267, '2022-05-05', 16, 'PRESENT'),
(4268, '2022-05-06', 16, 'ABSENT'),
(4269, '2022-05-09', 16, 'PRESENT'),
(4270, '2022-05-17', 16, 'ABSENT'),
(4271, '2022-05-18', 16, 'PRESENT'),
(4272, '2022-05-19', 16, 'PRESENT'),
(4273, '2022-05-23', 16, 'PRESENT'),
(4274, '2022-05-24', 16, 'PRESENT'),
(4275, '2022-05-25', 16, 'PRESENT'),
(4276, '2022-05-26', 16, 'PRESENT'),
(4277, '2022-05-30', 16, 'PRESENT'),
(4278, '2022-05-31', 16, 'PRESENT'),
(4279, '2022-05-04', 17, 'PRESENT'),
(4280, '2022-05-05', 17, 'PRESENT'),
(4281, '2022-05-06', 17, 'ABSENT'),
(4282, '2022-05-09', 17, 'ABSENT'),
(4283, '2022-05-17', 17, 'ABSENT'),
(4284, '2022-05-18', 17, 'PRESENT'),
(4285, '2022-05-19', 17, 'ABSENT'),
(4286, '2022-05-23', 17, 'PRESENT'),
(4287, '2022-05-24', 17, 'PRESENT'),
(4288, '2022-05-25', 17, 'ABSENT'),
(4289, '2022-05-26', 17, 'PRESENT'),
(4290, '2022-05-30', 17, 'ABSENT'),
(4291, '2022-05-31', 17, 'ABSENT'),
(4292, '2022-05-05', 18, 'PRESENT'),
(4293, '2022-05-06', 18, 'ABSENT'),
(4294, '2022-05-09', 18, 'PRESENT'),
(4295, '2022-05-17', 18, 'PRESENT'),
(4296, '2022-05-18', 18, 'PRESENT'),
(4297, '2022-05-19', 18, 'ABSENT'),
(4298, '2022-05-23', 18, 'PRESENT'),
(4299, '2022-05-24', 18, 'PRESENT'),
(4300, '2022-05-25', 18, 'PRESENT'),
(4301, '2022-05-26', 18, 'PRESENT'),
(4302, '2022-05-30', 18, 'PRESENT'),
(4303, '2022-05-31', 18, 'PRESENT'),
(4304, '2022-05-05', 19, 'PRESENT'),
(4305, '2022-05-06', 19, 'ABSENT'),
(4306, '2022-05-09', 19, 'PRESENT'),
(4307, '2022-05-17', 19, 'ABSENT'),
(4308, '2022-05-18', 19, 'PRESENT'),
(4309, '2022-05-19', 19, 'PRESENT'),
(4310, '2022-05-23', 19, 'PRESENT'),
(4311, '2022-05-24', 19, 'ABSENT'),
(4312, '2022-05-25', 19, 'PRESENT'),
(4313, '2022-05-26', 19, 'PRESENT'),
(4314, '2022-05-30', 19, 'PRESENT'),
(4315, '2022-05-31', 19, 'ABSENT'),
(4316, '2022-05-05', 20, 'PRESENT'),
(4317, '2022-05-06', 20, 'ABSENT'),
(4318, '2022-05-09', 20, 'PRESENT'),
(4319, '2022-05-17', 20, 'ABSENT'),
(4320, '2022-05-18', 20, 'PRESENT'),
(4321, '2022-05-19', 20, 'PRESENT'),
(4322, '2022-05-23', 20, 'PRESENT'),
(4323, '2022-05-24', 20, 'ABSENT'),
(4324, '2022-05-25', 20, 'PRESENT'),
(4325, '2022-05-26', 20, 'PRESENT'),
(4326, '2022-05-30', 20, 'PRESENT'),
(4327, '2022-05-31', 20, 'ABSENT');
INSERT INTO `attendance` (`id`, `date`, `student_id`, `attendance`) VALUES
(4328, '2022-05-18', 21, 'PRESENT'),
(4329, '2022-05-19', 21, 'PRESENT'),
(4330, '2022-05-23', 21, 'PRESENT'),
(4331, '2022-05-24', 21, 'PRESENT'),
(4332, '2022-05-25', 21, 'PRESENT'),
(4333, '2022-05-26', 21, 'PRESENT'),
(4334, '2022-05-30', 21, 'PRESENT'),
(4335, '2022-05-31', 21, 'PRESENT'),
(4336, '2022-06-01', 1, 'PRESENT'),
(4337, '2022-06-02', 1, 'PRESENT'),
(4338, '2022-06-06', 1, 'ABSENT'),
(4339, '2022-06-07', 1, 'PRESENT'),
(4340, '2022-06-08', 1, 'PRESENT'),
(4341, '2022-06-09', 1, 'PRESENT'),
(4342, '2022-06-14', 1, 'PRESENT'),
(4343, '2022-06-15', 1, 'PRESENT'),
(4344, '2022-06-16', 1, 'PRESENT'),
(4345, '2022-06-20', 1, 'ABSENT'),
(4346, '2022-06-21', 1, 'PRESENT'),
(4347, '2022-06-22', 1, 'PRESENT'),
(4348, '2022-06-23', 1, 'PRESENT'),
(4349, '2022-06-27', 1, 'PRESENT'),
(4350, '2022-06-28', 1, 'ABSENT'),
(4351, '2022-06-29', 1, 'PRESENT'),
(4352, '2022-06-30', 1, 'PRESENT'),
(4353, '2022-06-01', 2, 'PRESENT'),
(4354, '2022-06-02', 2, 'PRESENT'),
(4355, '2022-06-06', 2, 'PRESENT'),
(4356, '2022-06-07', 2, 'PRESENT'),
(4357, '2022-06-08', 2, 'PRESENT'),
(4358, '2022-06-09', 2, 'PRESENT'),
(4359, '2022-06-14', 2, 'PRESENT'),
(4360, '2022-06-15', 2, 'PRESENT'),
(4361, '2022-06-16', 2, 'PRESENT'),
(4362, '2022-06-20', 2, 'PRESENT'),
(4363, '2022-06-21', 2, 'ABSENT'),
(4364, '2022-06-22', 2, 'PRESENT'),
(4365, '2022-06-23', 2, 'PRESENT'),
(4366, '2022-06-27', 2, 'ABSENT'),
(4367, '2022-06-28', 2, 'PRESENT'),
(4368, '2022-06-29', 2, 'PRESENT'),
(4369, '2022-06-30', 2, 'PRESENT'),
(4370, '2022-06-01', 3, 'PRESENT'),
(4371, '2022-06-02', 3, 'PRESENT'),
(4372, '2022-06-06', 3, 'PRESENT'),
(4373, '2022-06-07', 3, 'PRESENT'),
(4374, '2022-06-08', 3, 'PRESENT'),
(4375, '2022-06-09', 3, 'PRESENT'),
(4376, '2022-06-14', 3, 'ABSENT'),
(4377, '2022-06-15', 3, 'PRESENT'),
(4378, '2022-06-16', 3, 'ABSENT'),
(4379, '2022-06-20', 3, 'PRESENT'),
(4380, '2022-06-21', 3, 'PRESENT'),
(4381, '2022-06-22', 3, 'PRESENT'),
(4382, '2022-06-23', 3, 'ABSENT'),
(4383, '2022-06-27', 3, 'PRESENT'),
(4384, '2022-06-28', 3, 'PRESENT'),
(4385, '2022-06-29', 3, 'PRESENT'),
(4386, '2022-06-30', 3, 'PRESENT'),
(4387, '2022-06-01', 4, 'PRESENT'),
(4388, '2022-06-02', 4, 'PRESENT'),
(4389, '2022-06-06', 4, 'PRESENT'),
(4390, '2022-06-07', 4, 'PRESENT'),
(4391, '2022-06-08', 4, 'PRESENT'),
(4392, '2022-06-09', 4, 'PRESENT'),
(4393, '2022-06-14', 4, 'PRESENT'),
(4394, '2022-06-15', 4, 'ABSENT'),
(4395, '2022-06-16', 4, 'ABSENT'),
(4396, '2022-06-20', 4, 'ABSENT'),
(4397, '2022-06-21', 4, 'PRESENT'),
(4398, '2022-06-22', 4, 'PRESENT'),
(4399, '2022-06-23', 4, 'PRESENT'),
(4400, '2022-06-27', 4, 'PRESENT'),
(4401, '2022-06-28', 4, 'PRESENT'),
(4402, '2022-06-29', 4, 'PRESENT'),
(4403, '2022-06-30', 4, 'PRESENT'),
(4404, '2022-06-01', 5, 'PRESENT'),
(4405, '2022-06-02', 5, 'PRESENT'),
(4406, '2022-06-06', 5, 'PRESENT'),
(4407, '2022-06-07', 5, 'PRESENT'),
(4408, '2022-06-08', 5, 'PRESENT'),
(4409, '2022-06-09', 5, 'PRESENT'),
(4410, '2022-06-14', 5, 'ABSENT'),
(4411, '2022-06-15', 5, 'PRESENT'),
(4412, '2022-06-16', 5, 'PRESENT'),
(4413, '2022-06-20', 5, 'PRESENT'),
(4414, '2022-06-21', 5, 'PRESENT'),
(4415, '2022-06-22', 5, 'PRESENT'),
(4416, '2022-06-23', 5, 'PRESENT'),
(4417, '2022-06-27', 5, 'PRESENT'),
(4418, '2022-06-28', 5, 'ABSENT'),
(4419, '2022-06-29', 5, 'PRESENT'),
(4420, '2022-06-30', 5, 'PRESENT'),
(4421, '2022-06-01', 6, 'PRESENT'),
(4422, '2022-06-02', 6, 'PRESENT'),
(4423, '2022-06-06', 6, 'PRESENT'),
(4424, '2022-06-07', 6, 'ABSENT'),
(4425, '2022-06-08', 6, 'PRESENT'),
(4426, '2022-06-09', 6, 'PRESENT'),
(4427, '2022-06-14', 6, 'PRESENT'),
(4428, '2022-06-15', 6, 'ABSENT'),
(4429, '2022-06-16', 6, 'ABSENT'),
(4430, '2022-06-20', 6, 'PRESENT'),
(4431, '2022-06-21', 6, 'PRESENT'),
(4432, '2022-06-22', 6, 'PRESENT'),
(4433, '2022-06-23', 6, 'PRESENT'),
(4434, '2022-06-27', 6, 'PRESENT'),
(4435, '2022-06-28', 6, 'PRESENT'),
(4436, '2022-06-29', 6, 'PRESENT'),
(4437, '2022-06-30', 6, 'PRESENT'),
(4438, '2022-06-01', 7, 'PRESENT'),
(4439, '2022-06-02', 7, 'PRESENT'),
(4440, '2022-06-06', 7, 'PRESENT'),
(4441, '2022-06-07', 7, 'ABSENT'),
(4442, '2022-06-08', 7, 'ABSENT'),
(4443, '2022-06-09', 7, 'PRESENT'),
(4444, '2022-06-14', 7, 'PRESENT'),
(4445, '2022-06-15', 7, 'ABSENT'),
(4446, '2022-06-16', 7, 'ABSENT'),
(4447, '2022-06-20', 7, 'PRESENT'),
(4448, '2022-06-21', 7, 'PRESENT'),
(4449, '2022-06-22', 7, 'PRESENT'),
(4450, '2022-06-23', 7, 'ABSENT'),
(4451, '2022-06-27', 7, 'PRESENT'),
(4452, '2022-06-28', 7, 'PRESENT'),
(4453, '2022-06-29', 7, 'PRESENT'),
(4454, '2022-06-30', 7, 'PRESENT'),
(4455, '2022-06-01', 8, 'PRESENT'),
(4456, '2022-06-02', 8, 'PRESENT'),
(4457, '2022-06-06', 8, 'PRESENT'),
(4458, '2022-06-07', 8, 'PRESENT'),
(4459, '2022-06-08', 8, 'PRESENT'),
(4460, '2022-06-09', 8, 'PRESENT'),
(4461, '2022-06-14', 8, 'PRESENT'),
(4462, '2022-06-15', 8, 'PRESENT'),
(4463, '2022-06-16', 8, 'PRESENT'),
(4464, '2022-06-20', 8, 'PRESENT'),
(4465, '2022-06-21', 8, 'PRESENT'),
(4466, '2022-06-22', 8, 'PRESENT'),
(4467, '2022-06-23', 8, 'PRESENT'),
(4468, '2022-06-27', 8, 'PRESENT'),
(4469, '2022-06-28', 8, 'PRESENT'),
(4470, '2022-06-29', 8, 'PRESENT'),
(4471, '2022-06-30', 8, 'PRESENT'),
(4472, '2022-06-01', 9, 'ABSENT'),
(4473, '2022-06-02', 9, 'PRESENT'),
(4474, '2022-06-06', 9, 'PRESENT'),
(4475, '2022-06-07', 9, 'PRESENT'),
(4476, '2022-06-08', 9, 'PRESENT'),
(4477, '2022-06-09', 9, 'PRESENT'),
(4478, '2022-06-14', 9, 'PRESENT'),
(4479, '2022-06-15', 9, 'PRESENT'),
(4480, '2022-06-16', 9, 'PRESENT'),
(4481, '2022-06-20', 9, 'PRESENT'),
(4482, '2022-06-21', 9, 'PRESENT'),
(4483, '2022-06-22', 9, 'PRESENT'),
(4484, '2022-06-23', 9, 'PRESENT'),
(4485, '2022-06-27', 9, 'PRESENT'),
(4486, '2022-06-28', 9, 'PRESENT'),
(4487, '2022-06-29', 9, 'PRESENT'),
(4488, '2022-06-30', 9, 'PRESENT'),
(4489, '2022-06-01', 10, 'ABSENT'),
(4490, '2022-06-02', 10, 'PRESENT'),
(4491, '2022-06-06', 10, 'PRESENT'),
(4492, '2022-06-07', 10, 'PRESENT'),
(4493, '2022-06-08', 10, 'PRESENT'),
(4494, '2022-06-09', 10, 'PRESENT'),
(4495, '2022-06-14', 10, 'PRESENT'),
(4496, '2022-06-15', 10, 'PRESENT'),
(4497, '2022-06-16', 10, 'PRESENT'),
(4498, '2022-06-20', 10, 'PRESENT'),
(4499, '2022-06-21', 10, 'PRESENT'),
(4500, '2022-06-22', 10, 'PRESENT'),
(4501, '2022-06-23', 10, 'PRESENT'),
(4502, '2022-06-27', 10, 'PRESENT'),
(4503, '2022-06-28', 10, 'PRESENT'),
(4504, '2022-06-29', 10, 'PRESENT'),
(4505, '2022-06-30', 10, 'PRESENT'),
(4506, '2022-06-01', 11, 'PRESENT'),
(4507, '2022-06-02', 11, 'PRESENT'),
(4508, '2022-06-06', 11, 'PRESENT'),
(4509, '2022-06-07', 11, 'PRESENT'),
(4510, '2022-06-08', 11, 'PRESENT'),
(4511, '2022-06-09', 11, 'PRESENT'),
(4512, '2022-06-14', 11, 'PRESENT'),
(4513, '2022-06-15', 11, 'PRESENT'),
(4514, '2022-06-16', 11, 'ABSENT'),
(4515, '2022-06-20', 11, 'PRESENT'),
(4516, '2022-06-21', 11, 'PRESENT'),
(4517, '2022-06-22', 11, 'PRESENT'),
(4518, '2022-06-23', 11, 'PRESENT'),
(4519, '2022-06-27', 11, 'PRESENT'),
(4520, '2022-06-28', 11, 'PRESENT'),
(4521, '2022-06-29', 11, 'PRESENT'),
(4522, '2022-06-30', 11, 'PRESENT'),
(4523, '2022-06-01', 12, 'PRESENT'),
(4524, '2022-06-02', 12, 'PRESENT'),
(4525, '2022-06-06', 12, 'PRESENT'),
(4526, '2022-06-07', 12, 'PRESENT'),
(4527, '2022-06-08', 12, 'PRESENT'),
(4528, '2022-06-09', 12, 'PRESENT'),
(4529, '2022-06-14', 12, 'PRESENT'),
(4530, '2022-06-15', 12, 'PRESENT'),
(4531, '2022-06-16', 12, 'PRESENT'),
(4532, '2022-06-20', 12, 'ABSENT'),
(4533, '2022-06-21', 12, 'PRESENT'),
(4534, '2022-06-22', 12, 'PRESENT'),
(4535, '2022-06-23', 12, 'ABSENT'),
(4536, '2022-06-27', 12, 'PRESENT'),
(4537, '2022-06-28', 12, 'ABSENT'),
(4538, '2022-06-29', 12, 'ABSENT'),
(4539, '2022-06-30', 12, 'PRESENT'),
(4540, '2022-06-01', 13, 'PRESENT'),
(4541, '2022-06-02', 13, 'PRESENT'),
(4542, '2022-06-06', 13, 'PRESENT'),
(4543, '2022-06-07', 13, 'ABSENT'),
(4544, '2022-06-08', 13, 'PRESENT'),
(4545, '2022-06-09', 13, 'PRESENT'),
(4546, '2022-06-14', 13, 'ABSENT'),
(4547, '2022-06-15', 13, 'PRESENT'),
(4548, '2022-06-16', 13, 'ABSENT'),
(4549, '2022-06-20', 13, 'ABSENT'),
(4550, '2022-06-21', 13, 'ABSENT'),
(4551, '2022-06-22', 13, 'ABSENT'),
(4552, '2022-06-23', 13, 'ABSENT'),
(4553, '2022-06-27', 13, 'ABSENT'),
(4554, '2022-06-28', 13, 'ABSENT'),
(4555, '2022-06-29', 13, 'ABSENT'),
(4556, '2022-06-30', 13, 'ABSENT'),
(4557, '2022-06-01', 14, 'ABSENT'),
(4558, '2022-06-02', 14, 'PRESENT'),
(4559, '2022-06-06', 14, 'PRESENT'),
(4560, '2022-06-07', 14, 'PRESENT'),
(4561, '2022-06-08', 14, 'PRESENT'),
(4562, '2022-06-09', 14, 'PRESENT'),
(4563, '2022-06-14', 14, 'PRESENT'),
(4564, '2022-06-15', 14, 'PRESENT'),
(4565, '2022-06-16', 14, 'PRESENT'),
(4566, '2022-06-20', 14, 'ABSENT'),
(4567, '2022-06-21', 14, 'PRESENT'),
(4568, '2022-06-22', 14, 'PRESENT'),
(4569, '2022-06-23', 14, 'PRESENT'),
(4570, '2022-06-27', 14, 'PRESENT'),
(4571, '2022-06-28', 14, 'PRESENT'),
(4572, '2022-06-29', 14, 'PRESENT'),
(4573, '2022-06-30', 14, 'PRESENT'),
(4574, '2022-06-01', 15, 'PRESENT'),
(4575, '2022-06-02', 15, 'PRESENT'),
(4576, '2022-06-06', 15, 'ABSENT'),
(4577, '2022-06-07', 15, 'PRESENT'),
(4578, '2022-06-08', 15, 'PRESENT'),
(4579, '2022-06-09', 15, 'PRESENT'),
(4580, '2022-06-14', 15, 'PRESENT'),
(4581, '2022-06-15', 15, 'PRESENT'),
(4582, '2022-06-16', 15, 'PRESENT'),
(4583, '2022-06-20', 15, 'PRESENT'),
(4584, '2022-06-21', 15, 'PRESENT'),
(4585, '2022-06-22', 15, 'PRESENT'),
(4586, '2022-06-23', 15, 'PRESENT'),
(4587, '2022-06-27', 15, 'PRESENT'),
(4588, '2022-06-28', 15, 'PRESENT'),
(4589, '2022-06-29', 15, 'PRESENT'),
(4590, '2022-06-30', 15, 'PRESENT'),
(4591, '2022-06-01', 16, 'PRESENT'),
(4592, '2022-06-02', 16, 'PRESENT'),
(4593, '2022-06-06', 16, 'PRESENT'),
(4594, '2022-06-07', 16, 'PRESENT'),
(4595, '2022-06-08', 16, 'PRESENT'),
(4596, '2022-06-09', 16, 'PRESENT'),
(4597, '2022-06-14', 16, 'PRESENT'),
(4598, '2022-06-15', 16, 'PRESENT'),
(4599, '2022-06-16', 16, 'PRESENT'),
(4600, '2022-06-20', 16, 'ABSENT'),
(4601, '2022-06-21', 16, 'PRESENT'),
(4602, '2022-06-22', 16, 'PRESENT'),
(4603, '2022-06-23', 16, 'PRESENT'),
(4604, '2022-06-27', 16, 'PRESENT'),
(4605, '2022-06-28', 16, 'PRESENT'),
(4606, '2022-06-29', 16, 'PRESENT'),
(4607, '2022-06-30', 16, 'PRESENT'),
(4608, '2022-06-01', 17, 'ABSENT'),
(4609, '2022-06-02', 17, 'PRESENT'),
(4610, '2022-06-06', 17, 'ABSENT'),
(4611, '2022-06-07', 17, 'PRESENT'),
(4612, '2022-06-08', 17, 'ABSENT'),
(4613, '2022-06-09', 17, 'PRESENT'),
(4614, '2022-06-14', 17, 'PRESENT'),
(4615, '2022-06-15', 17, 'ABSENT'),
(4616, '2022-06-16', 17, 'ABSENT'),
(4617, '2022-06-20', 17, 'ABSENT'),
(4618, '2022-06-21', 17, 'PRESENT'),
(4619, '2022-06-22', 17, 'PRESENT'),
(4620, '2022-06-23', 17, 'ABSENT'),
(4621, '2022-06-27', 17, 'ABSENT'),
(4622, '2022-06-28', 17, 'PRESENT'),
(4623, '2022-06-29', 17, 'PRESENT'),
(4624, '2022-06-30', 17, 'PRESENT'),
(4625, '2022-06-01', 18, 'PRESENT'),
(4626, '2022-06-02', 18, 'PRESENT'),
(4627, '2022-06-06', 18, 'PRESENT'),
(4628, '2022-06-07', 18, 'PRESENT'),
(4629, '2022-06-08', 18, 'PRESENT'),
(4630, '2022-06-09', 18, 'PRESENT'),
(4631, '2022-06-14', 18, 'PRESENT'),
(4632, '2022-06-15', 18, 'ABSENT'),
(4633, '2022-06-16', 18, 'PRESENT'),
(4634, '2022-06-20', 18, 'PRESENT'),
(4635, '2022-06-21', 18, 'PRESENT'),
(4636, '2022-06-22', 18, 'PRESENT'),
(4637, '2022-06-23', 18, 'ABSENT'),
(4638, '2022-06-27', 18, 'ABSENT'),
(4639, '2022-06-28', 18, 'PRESENT'),
(4640, '2022-06-29', 18, 'PRESENT'),
(4641, '2022-06-30', 18, 'PRESENT'),
(4642, '2022-06-01', 19, 'PRESENT'),
(4643, '2022-06-02', 19, 'PRESENT'),
(4644, '2022-06-06', 19, 'PRESENT'),
(4645, '2022-06-07', 19, 'PRESENT'),
(4646, '2022-06-08', 19, 'PRESENT'),
(4647, '2022-06-09', 19, 'PRESENT'),
(4648, '2022-06-14', 19, 'ABSENT'),
(4649, '2022-06-15', 19, 'ABSENT'),
(4650, '2022-06-16', 19, 'ABSENT'),
(4651, '2022-06-20', 19, 'PRESENT'),
(4652, '2022-06-21', 19, 'PRESENT'),
(4653, '2022-06-22', 19, 'PRESENT'),
(4654, '2022-06-23', 19, 'ABSENT'),
(4655, '2022-06-27', 19, 'PRESENT'),
(4656, '2022-06-28', 19, 'PRESENT'),
(4657, '2022-06-29', 19, 'ABSENT'),
(4658, '2022-06-30', 19, 'PRESENT'),
(4659, '2022-06-01', 20, 'PRESENT'),
(4660, '2022-06-02', 20, 'ABSENT'),
(4661, '2022-06-06', 20, 'PRESENT'),
(4662, '2022-06-07', 20, 'PRESENT'),
(4663, '2022-06-08', 20, 'PRESENT'),
(4664, '2022-06-09', 20, 'PRESENT'),
(4665, '2022-06-14', 20, 'PRESENT'),
(4666, '2022-06-15', 20, 'ABSENT'),
(4667, '2022-06-16', 20, 'ABSENT'),
(4668, '2022-06-20', 20, 'ABSENT'),
(4669, '2022-06-21', 20, 'PRESENT'),
(4670, '2022-06-22', 20, 'PRESENT'),
(4671, '2022-06-23', 20, 'ABSENT'),
(4672, '2022-06-27', 20, 'PRESENT'),
(4673, '2022-06-28', 20, 'PRESENT'),
(4674, '2022-06-29', 20, 'ABSENT'),
(4675, '2022-06-30', 20, 'PRESENT'),
(4676, '2022-06-01', 21, 'PRESENT'),
(4677, '2022-06-02', 21, 'PRESENT'),
(4678, '2022-06-06', 21, 'PRESENT'),
(4679, '2022-06-07', 21, 'PRESENT'),
(4680, '2022-06-08', 21, 'PRESENT'),
(4681, '2022-06-09', 21, 'PRESENT'),
(4682, '2022-06-14', 21, 'PRESENT'),
(4683, '2022-06-15', 21, 'PRESENT'),
(4684, '2022-06-16', 21, 'PRESENT'),
(4685, '2022-06-20', 21, 'PRESENT'),
(4686, '2022-06-21', 21, 'PRESENT'),
(4687, '2022-06-22', 21, 'PRESENT'),
(4688, '2022-06-23', 21, 'PRESENT'),
(4689, '2022-06-27', 21, 'PRESENT'),
(4690, '2022-06-28', 21, 'ABSENT'),
(4691, '2022-06-29', 21, 'PRESENT'),
(4692, '2022-06-30', 21, 'PRESENT'),
(4693, '2022-07-01', 1, 'PRESENT'),
(4694, '2022-07-04', 1, 'PRESENT'),
(4695, '2022-07-05', 1, 'PRESENT'),
(4696, '2022-07-06', 1, 'PRESENT'),
(4697, '2022-07-07', 1, 'PRESENT'),
(4698, '2022-07-08', 1, 'PRESENT'),
(4699, '2022-07-11', 1, 'PRESENT'),
(4700, '2022-07-12', 1, 'ABSENT'),
(4701, '2022-07-13', 1, 'PRESENT'),
(4702, '2022-07-14', 1, 'PRESENT'),
(4703, '2022-07-15', 1, 'PRESENT'),
(4704, '2022-07-18', 1, 'PRESENT'),
(4705, '2022-07-19', 1, 'PRESENT'),
(4706, '2022-07-20', 1, 'PRESENT'),
(4707, '2022-07-21', 1, 'PRESENT'),
(4708, '2022-07-22', 1, 'PRESENT'),
(4709, '2022-07-25', 1, 'PRESENT'),
(4710, '2022-07-26', 1, 'PRESENT'),
(4711, '2022-07-27', 1, 'PRESENT'),
(4712, '2022-07-28', 1, 'PRESENT'),
(4713, '2022-07-01', 2, 'PRESENT'),
(4714, '2022-07-04', 2, 'PRESENT'),
(4715, '2022-07-05', 2, 'PRESENT'),
(4716, '2022-07-06', 2, 'PRESENT'),
(4717, '2022-07-07', 2, 'PRESENT'),
(4718, '2022-07-08', 2, 'PRESENT'),
(4719, '2022-07-11', 2, 'PRESENT'),
(4720, '2022-07-12', 2, 'ABSENT'),
(4721, '2022-07-13', 2, 'PRESENT'),
(4722, '2022-07-14', 2, 'PRESENT'),
(4723, '2022-07-15', 2, 'PRESENT'),
(4724, '2022-07-18', 2, 'PRESENT'),
(4725, '2022-07-19', 2, 'ABSENT'),
(4726, '2022-07-20', 2, 'PRESENT'),
(4727, '2022-07-21', 2, 'PRESENT'),
(4728, '2022-07-22', 2, 'PRESENT'),
(4729, '2022-07-25', 2, 'PRESENT'),
(4730, '2022-07-26', 2, 'PRESENT'),
(4731, '2022-07-27', 2, 'PRESENT'),
(4732, '2022-07-28', 2, 'PRESENT'),
(4733, '2022-07-01', 3, 'PRESENT'),
(4734, '2022-07-04', 3, 'PRESENT'),
(4735, '2022-07-05', 3, 'PRESENT'),
(4736, '2022-07-06', 3, 'PRESENT'),
(4737, '2022-07-07', 3, 'PRESENT'),
(4738, '2022-07-08', 3, 'PRESENT'),
(4739, '2022-07-11', 3, 'PRESENT'),
(4740, '2022-07-12', 3, 'PRESENT'),
(4741, '2022-07-13', 3, 'PRESENT'),
(4742, '2022-07-14', 3, 'PRESENT'),
(4743, '2022-07-15', 3, 'PRESENT'),
(4744, '2022-07-18', 3, 'PRESENT'),
(4745, '2022-07-19', 3, 'PRESENT'),
(4746, '2022-07-20', 3, 'PRESENT'),
(4747, '2022-07-21', 3, 'PRESENT'),
(4748, '2022-07-22', 3, 'PRESENT'),
(4749, '2022-07-25', 3, 'PRESENT'),
(4750, '2022-07-26', 3, 'ABSENT'),
(4751, '2022-07-27', 3, 'PRESENT'),
(4752, '2022-07-28', 3, 'PRESENT'),
(4753, '2022-07-01', 4, 'PRESENT'),
(4754, '2022-07-04', 4, 'PRESENT'),
(4755, '2022-07-05', 4, 'ABSENT'),
(4756, '2022-07-06', 4, 'PRESENT'),
(4757, '2022-07-07', 4, 'PRESENT'),
(4758, '2022-07-08', 4, 'PRESENT'),
(4759, '2022-07-11', 4, 'PRESENT'),
(4760, '2022-07-12', 4, 'ABSENT'),
(4761, '2022-07-13', 4, 'PRESENT'),
(4762, '2022-07-14', 4, 'ABSENT'),
(4763, '2022-07-15', 4, 'ABSENT'),
(4764, '2022-07-18', 4, 'PRESENT'),
(4765, '2022-07-19', 4, 'ABSENT'),
(4766, '2022-07-20', 4, 'PRESENT'),
(4767, '2022-07-21', 4, 'ABSENT'),
(4768, '2022-07-22', 4, 'PRESENT'),
(4769, '2022-07-25', 4, 'ABSENT'),
(4770, '2022-07-26', 4, 'ABSENT'),
(4771, '2022-07-27', 4, 'ABSENT'),
(4772, '2022-07-28', 4, 'ABSENT'),
(4773, '2022-07-01', 5, 'PRESENT'),
(4774, '2022-07-04', 5, 'PRESENT'),
(4775, '2022-07-05', 5, 'PRESENT'),
(4776, '2022-07-06', 5, 'PRESENT'),
(4777, '2022-07-07', 5, 'PRESENT'),
(4778, '2022-07-08', 5, 'PRESENT'),
(4779, '2022-07-11', 5, 'PRESENT'),
(4780, '2022-07-12', 5, 'PRESENT'),
(4781, '2022-07-13', 5, 'PRESENT'),
(4782, '2022-07-14', 5, 'PRESENT'),
(4783, '2022-07-15', 5, 'ABSENT'),
(4784, '2022-07-18', 5, 'PRESENT'),
(4785, '2022-07-19', 5, 'PRESENT'),
(4786, '2022-07-20', 5, 'PRESENT'),
(4787, '2022-07-21', 5, 'PRESENT'),
(4788, '2022-07-22', 5, 'PRESENT'),
(4789, '2022-07-25', 5, 'PRESENT'),
(4790, '2022-07-26', 5, 'ABSENT'),
(4791, '2022-07-27', 5, 'PRESENT'),
(4792, '2022-07-28', 5, 'ABSENT'),
(4793, '2022-07-01', 6, 'PRESENT'),
(4794, '2022-07-04', 6, 'PRESENT'),
(4795, '2022-07-05', 6, 'ABSENT'),
(4796, '2022-07-06', 6, 'PRESENT'),
(4797, '2022-07-07', 6, 'PRESENT'),
(4798, '2022-07-08', 6, 'PRESENT'),
(4799, '2022-07-11', 6, 'PRESENT'),
(4800, '2022-07-12', 6, 'ABSENT'),
(4801, '2022-07-13', 6, 'PRESENT'),
(4802, '2022-07-14', 6, 'ABSENT'),
(4803, '2022-07-15', 6, 'PRESENT'),
(4804, '2022-07-18', 6, 'PRESENT'),
(4805, '2022-07-19', 6, 'PRESENT'),
(4806, '2022-07-20', 6, 'PRESENT'),
(4807, '2022-07-21', 6, 'PRESENT'),
(4808, '2022-07-22', 6, 'PRESENT'),
(4809, '2022-07-25', 6, 'PRESENT'),
(4810, '2022-07-26', 6, 'PRESENT'),
(4811, '2022-07-27', 6, 'PRESENT'),
(4812, '2022-07-28', 6, 'PRESENT'),
(4813, '2022-07-01', 7, 'PRESENT'),
(4814, '2022-07-04', 7, 'PRESENT'),
(4815, '2022-07-05', 7, 'PRESENT'),
(4816, '2022-07-06', 7, 'PRESENT'),
(4817, '2022-07-07', 7, 'PRESENT'),
(4818, '2022-07-08', 7, 'PRESENT'),
(4819, '2022-07-11', 7, 'PRESENT'),
(4820, '2022-07-12', 7, 'ABSENT'),
(4821, '2022-07-13', 7, 'PRESENT'),
(4822, '2022-07-14', 7, 'PRESENT'),
(4823, '2022-07-15', 7, 'PRESENT'),
(4824, '2022-07-18', 7, 'PRESENT'),
(4825, '2022-07-19', 7, 'PRESENT'),
(4826, '2022-07-20', 7, 'PRESENT'),
(4827, '2022-07-21', 7, 'PRESENT'),
(4828, '2022-07-22', 7, 'PRESENT'),
(4829, '2022-07-25', 7, 'PRESENT'),
(4830, '2022-07-26', 7, 'PRESENT'),
(4831, '2022-07-27', 7, 'PRESENT'),
(4832, '2022-07-28', 7, 'PRESENT'),
(4833, '2022-07-01', 8, 'PRESENT'),
(4834, '2022-07-04', 8, 'PRESENT'),
(4835, '2022-07-05', 8, 'PRESENT'),
(4836, '2022-07-06', 8, 'PRESENT'),
(4837, '2022-07-07', 8, 'PRESENT'),
(4838, '2022-07-08', 8, 'PRESENT'),
(4839, '2022-07-11', 8, 'PRESENT'),
(4840, '2022-07-12', 8, 'PRESENT'),
(4841, '2022-07-13', 8, 'PRESENT'),
(4842, '2022-07-14', 8, 'PRESENT'),
(4843, '2022-07-15', 8, 'PRESENT'),
(4844, '2022-07-18', 8, 'PRESENT'),
(4845, '2022-07-19', 8, 'ABSENT'),
(4846, '2022-07-20', 8, 'PRESENT'),
(4847, '2022-07-21', 8, 'PRESENT'),
(4848, '2022-07-22', 8, 'PRESENT'),
(4849, '2022-07-25', 8, 'PRESENT'),
(4850, '2022-07-26', 8, 'PRESENT'),
(4851, '2022-07-27', 8, 'PRESENT'),
(4852, '2022-07-28', 8, 'PRESENT'),
(4853, '2022-07-01', 9, 'PRESENT'),
(4854, '2022-07-04', 9, 'PRESENT'),
(4855, '2022-07-05', 9, 'PRESENT'),
(4856, '2022-07-06', 9, 'PRESENT'),
(4857, '2022-07-07', 9, 'PRESENT'),
(4858, '2022-07-08', 9, 'PRESENT'),
(4859, '2022-07-11', 9, 'PRESENT'),
(4860, '2022-07-12', 9, 'ABSENT'),
(4861, '2022-07-13', 9, 'PRESENT'),
(4862, '2022-07-14', 9, 'PRESENT'),
(4863, '2022-07-15', 9, 'PRESENT'),
(4864, '2022-07-18', 9, 'PRESENT'),
(4865, '2022-07-19', 9, 'PRESENT'),
(4866, '2022-07-20', 9, 'PRESENT'),
(4867, '2022-07-21', 9, 'PRESENT'),
(4868, '2022-07-22', 9, 'PRESENT'),
(4869, '2022-07-25', 9, 'ABSENT'),
(4870, '2022-07-26', 9, 'PRESENT'),
(4871, '2022-07-27', 9, 'PRESENT'),
(4872, '2022-07-28', 9, 'PRESENT'),
(4873, '2022-07-01', 10, 'PRESENT'),
(4874, '2022-07-04', 10, 'PRESENT'),
(4875, '2022-07-05', 10, 'PRESENT'),
(4876, '2022-07-06', 10, 'PRESENT'),
(4877, '2022-07-07', 10, 'PRESENT'),
(4878, '2022-07-08', 10, 'PRESENT'),
(4879, '2022-07-11', 10, 'PRESENT'),
(4880, '2022-07-12', 10, 'ABSENT'),
(4881, '2022-07-13', 10, 'PRESENT'),
(4882, '2022-07-14', 10, 'PRESENT'),
(4883, '2022-07-15', 10, 'PRESENT'),
(4884, '2022-07-18', 10, 'PRESENT'),
(4885, '2022-07-19', 10, 'PRESENT'),
(4886, '2022-07-20', 10, 'PRESENT'),
(4887, '2022-07-21', 10, 'PRESENT'),
(4888, '2022-07-22', 10, 'PRESENT'),
(4889, '2022-07-25', 10, 'PRESENT'),
(4890, '2022-07-26', 10, 'PRESENT'),
(4891, '2022-07-27', 10, 'PRESENT'),
(4892, '2022-07-28', 10, 'PRESENT'),
(4893, '2022-07-01', 11, 'PRESENT'),
(4894, '2022-07-04', 11, 'PRESENT'),
(4895, '2022-07-05', 11, 'ABSENT'),
(4896, '2022-07-06', 11, 'PRESENT'),
(4897, '2022-07-07', 11, 'PRESENT'),
(4898, '2022-07-08', 11, 'PRESENT'),
(4899, '2022-07-11', 11, 'PRESENT'),
(4900, '2022-07-12', 11, 'ABSENT'),
(4901, '2022-07-13', 11, 'PRESENT'),
(4902, '2022-07-14', 11, 'PRESENT'),
(4903, '2022-07-15', 11, 'PRESENT'),
(4904, '2022-07-18', 11, 'PRESENT'),
(4905, '2022-07-19', 11, 'PRESENT'),
(4906, '2022-07-20', 11, 'PRESENT'),
(4907, '2022-07-21', 11, 'PRESENT'),
(4908, '2022-07-22', 11, 'PRESENT'),
(4909, '2022-07-25', 11, 'PRESENT'),
(4910, '2022-07-26', 11, 'PRESENT'),
(4911, '2022-07-27', 11, 'PRESENT'),
(4912, '2022-07-28', 11, 'PRESENT'),
(4913, '2022-07-01', 12, 'PRESENT'),
(4914, '2022-07-04', 12, 'PRESENT'),
(4915, '2022-07-05', 12, 'ABSENT'),
(4916, '2022-07-06', 12, 'PRESENT'),
(4917, '2022-07-07', 12, 'PRESENT'),
(4918, '2022-07-08', 12, 'PRESENT'),
(4919, '2022-07-11', 12, 'PRESENT'),
(4920, '2022-07-12', 12, 'PRESENT'),
(4921, '2022-07-13', 12, 'PRESENT'),
(4922, '2022-07-14', 12, 'PRESENT'),
(4923, '2022-07-15', 12, 'PRESENT'),
(4924, '2022-07-18', 12, 'PRESENT'),
(4925, '2022-07-19', 12, 'PRESENT'),
(4926, '2022-07-20', 12, 'PRESENT'),
(4927, '2022-07-21', 12, 'ABSENT'),
(4928, '2022-07-22', 12, 'PRESENT'),
(4929, '2022-07-25', 12, 'ABSENT'),
(4930, '2022-07-26', 12, 'PRESENT'),
(4931, '2022-07-27', 12, 'PRESENT'),
(4932, '2022-07-28', 12, 'PRESENT'),
(4933, '2022-07-01', 13, 'ABSENT'),
(4934, '2022-07-04', 13, 'ABSENT'),
(4935, '2022-07-05', 13, 'ABSENT'),
(4936, '2022-07-06', 13, 'ABSENT'),
(4937, '2022-07-07', 13, 'ABSENT'),
(4938, '2022-07-08', 13, 'ABSENT'),
(4939, '2022-07-11', 13, 'ABSENT'),
(4940, '2022-07-12', 13, 'ABSENT'),
(4941, '2022-07-13', 13, 'ABSENT'),
(4942, '2022-07-14', 13, 'ABSENT'),
(4943, '2022-07-15', 13, 'ABSENT'),
(4944, '2022-07-18', 13, 'ABSENT'),
(4945, '2022-07-19', 13, 'ABSENT'),
(4946, '2022-07-20', 13, 'ABSENT'),
(4947, '2022-07-21', 13, 'ABSENT'),
(4948, '2022-07-22', 13, 'ABSENT'),
(4949, '2022-07-25', 13, 'ABSENT'),
(4950, '2022-07-26', 13, 'ABSENT'),
(4951, '2022-07-27', 13, 'ABSENT'),
(4952, '2022-07-28', 13, 'ABSENT'),
(4953, '2022-07-01', 14, 'PRESENT'),
(4954, '2022-07-04', 14, 'PRESENT'),
(4955, '2022-07-05', 14, 'PRESENT'),
(4956, '2022-07-06', 14, 'PRESENT'),
(4957, '2022-07-07', 14, 'PRESENT'),
(4958, '2022-07-08', 14, 'PRESENT'),
(4959, '2022-07-11', 14, 'PRESENT'),
(4960, '2022-07-12', 14, 'PRESENT'),
(4961, '2022-07-13', 14, 'PRESENT'),
(4962, '2022-07-14', 14, 'PRESENT'),
(4963, '2022-07-15', 14, 'PRESENT'),
(4964, '2022-07-18', 14, 'PRESENT'),
(4965, '2022-07-19', 14, 'PRESENT'),
(4966, '2022-07-20', 14, 'PRESENT'),
(4967, '2022-07-21', 14, 'PRESENT'),
(4968, '2022-07-22', 14, 'PRESENT'),
(4969, '2022-07-25', 14, 'ABSENT'),
(4970, '2022-07-26', 14, 'PRESENT'),
(4971, '2022-07-27', 14, 'PRESENT'),
(4972, '2022-07-28', 14, 'PRESENT'),
(4973, '2022-07-01', 15, 'PRESENT'),
(4974, '2022-07-04', 15, 'PRESENT'),
(4975, '2022-07-05', 15, 'PRESENT'),
(4976, '2022-07-06', 15, 'PRESENT'),
(4977, '2022-07-07', 15, 'PRESENT'),
(4978, '2022-07-08', 15, 'PRESENT'),
(4979, '2022-07-11', 15, 'PRESENT'),
(4980, '2022-07-12', 15, 'ABSENT'),
(4981, '2022-07-13', 15, 'PRESENT'),
(4982, '2022-07-14', 15, 'PRESENT'),
(4983, '2022-07-15', 15, 'PRESENT'),
(4984, '2022-07-18', 15, 'PRESENT'),
(4985, '2022-07-19', 15, 'PRESENT'),
(4986, '2022-07-20', 15, 'PRESENT'),
(4987, '2022-07-21', 15, 'PRESENT'),
(4988, '2022-07-22', 15, 'PRESENT'),
(4989, '2022-07-25', 15, 'PRESENT'),
(4990, '2022-07-26', 15, 'PRESENT'),
(4991, '2022-07-27', 15, 'PRESENT'),
(4992, '2022-07-28', 15, 'PRESENT'),
(4993, '2022-07-01', 16, 'PRESENT'),
(4994, '2022-07-04', 16, 'PRESENT'),
(4995, '2022-07-05', 16, 'PRESENT'),
(4996, '2022-07-06', 16, 'PRESENT'),
(4997, '2022-07-07', 16, 'PRESENT'),
(4998, '2022-07-08', 16, 'PRESENT'),
(4999, '2022-07-11', 16, 'PRESENT'),
(5000, '2022-07-12', 16, 'PRESENT'),
(5001, '2022-07-13', 16, 'PRESENT'),
(5002, '2022-07-14', 16, 'PRESENT'),
(5003, '2022-07-15', 16, 'ABSENT'),
(5004, '2022-07-18', 16, 'PRESENT'),
(5005, '2022-07-19', 16, 'PRESENT'),
(5006, '2022-07-20', 16, 'PRESENT'),
(5007, '2022-07-21', 16, 'PRESENT'),
(5008, '2022-07-22', 16, 'PRESENT'),
(5009, '2022-07-25', 16, 'PRESENT'),
(5010, '2022-07-26', 16, 'PRESENT'),
(5011, '2022-07-27', 16, 'PRESENT'),
(5012, '2022-07-28', 16, 'PRESENT'),
(5013, '2022-07-01', 17, 'PRESENT'),
(5014, '2022-07-04', 17, 'PRESENT'),
(5015, '2022-07-05', 17, 'PRESENT'),
(5016, '2022-07-06', 17, 'PRESENT'),
(5017, '2022-07-07', 17, 'PRESENT'),
(5018, '2022-07-08', 17, 'PRESENT'),
(5019, '2022-07-11', 17, 'PRESENT'),
(5020, '2022-07-12', 17, 'PRESENT'),
(5021, '2022-07-13', 17, 'PRESENT'),
(5022, '2022-07-14', 17, 'PRESENT'),
(5023, '2022-07-15', 17, 'PRESENT'),
(5024, '2022-07-18', 17, 'PRESENT'),
(5025, '2022-07-19', 17, 'PRESENT'),
(5026, '2022-07-20', 17, 'PRESENT'),
(5027, '2022-07-21', 17, 'PRESENT'),
(5028, '2022-07-22', 17, 'PRESENT'),
(5029, '2022-07-25', 17, 'ABSENT'),
(5030, '2022-07-26', 17, 'ABSENT'),
(5031, '2022-07-27', 17, 'ABSENT'),
(5032, '2022-07-28', 17, 'ABSENT'),
(5033, '2022-07-01', 18, 'PRESENT'),
(5034, '2022-07-04', 18, 'PRESENT'),
(5035, '2022-07-05', 18, 'PRESENT'),
(5036, '2022-07-06', 18, 'PRESENT'),
(5037, '2022-07-07', 18, 'PRESENT'),
(5038, '2022-07-08', 18, 'PRESENT'),
(5039, '2022-07-11', 18, 'PRESENT'),
(5040, '2022-07-12', 18, 'PRESENT'),
(5041, '2022-07-13', 18, 'PRESENT'),
(5042, '2022-07-14', 18, 'PRESENT'),
(5043, '2022-07-15', 18, 'PRESENT'),
(5044, '2022-07-18', 18, 'PRESENT'),
(5045, '2022-07-19', 18, 'ABSENT'),
(5046, '2022-07-20', 18, 'PRESENT'),
(5047, '2022-07-21', 18, 'PRESENT'),
(5048, '2022-07-22', 18, 'PRESENT'),
(5049, '2022-07-25', 18, 'PRESENT'),
(5050, '2022-07-26', 18, 'PRESENT'),
(5051, '2022-07-27', 18, 'PRESENT'),
(5052, '2022-07-28', 18, 'PRESENT'),
(5053, '2022-07-01', 19, 'PRESENT'),
(5054, '2022-07-04', 19, 'PRESENT'),
(5055, '2022-07-05', 19, 'PRESENT'),
(5056, '2022-07-06', 19, 'PRESENT'),
(5057, '2022-07-07', 19, 'PRESENT'),
(5058, '2022-07-08', 19, 'PRESENT'),
(5059, '2022-07-11', 19, 'PRESENT'),
(5060, '2022-07-12', 19, 'PRESENT'),
(5061, '2022-07-13', 19, 'PRESENT'),
(5062, '2022-07-14', 19, 'PRESENT'),
(5063, '2022-07-15', 19, 'PRESENT'),
(5064, '2022-07-18', 19, 'PRESENT'),
(5065, '2022-07-19', 19, 'PRESENT'),
(5066, '2022-07-20', 19, 'PRESENT'),
(5067, '2022-07-21', 19, 'PRESENT'),
(5068, '2022-07-22', 19, 'PRESENT'),
(5069, '2022-07-25', 19, 'ABSENT'),
(5070, '2022-07-26', 19, 'PRESENT'),
(5071, '2022-07-27', 19, 'PRESENT'),
(5072, '2022-07-28', 19, 'PRESENT'),
(5073, '2022-07-01', 20, 'PRESENT'),
(5074, '2022-07-04', 20, 'PRESENT'),
(5075, '2022-07-05', 20, 'PRESENT'),
(5076, '2022-07-06', 20, 'PRESENT'),
(5077, '2022-07-07', 20, 'PRESENT'),
(5078, '2022-07-08', 20, 'PRESENT'),
(5079, '2022-07-11', 20, 'PRESENT'),
(5080, '2022-07-12', 20, 'PRESENT'),
(5081, '2022-07-13', 20, 'PRESENT'),
(5082, '2022-07-14', 20, 'PRESENT'),
(5083, '2022-07-15', 20, 'PRESENT'),
(5084, '2022-07-18', 20, 'PRESENT'),
(5085, '2022-07-19', 20, 'PRESENT'),
(5086, '2022-07-20', 20, 'PRESENT'),
(5087, '2022-07-21', 20, 'PRESENT'),
(5088, '2022-07-22', 20, 'PRESENT'),
(5089, '2022-07-25', 20, 'ABSENT'),
(5090, '2022-07-26', 20, 'ABSENT'),
(5091, '2022-07-27', 20, 'ABSENT'),
(5092, '2022-07-28', 20, 'ABSENT'),
(5093, '2022-07-01', 21, 'PRESENT'),
(5094, '2022-07-04', 21, 'PRESENT'),
(5095, '2022-07-05', 21, 'PRESENT'),
(5096, '2022-07-06', 21, 'PRESENT'),
(5097, '2022-07-07', 21, 'PRESENT'),
(5098, '2022-07-08', 21, 'PRESENT'),
(5099, '2022-07-11', 21, 'PRESENT'),
(5100, '2022-07-12', 21, 'PRESENT'),
(5101, '2022-07-13', 21, 'PRESENT'),
(5102, '2022-07-14', 21, 'PRESENT'),
(5103, '2022-07-15', 21, 'PRESENT'),
(5104, '2022-07-18', 21, 'PRESENT'),
(5105, '2022-07-19', 21, 'PRESENT'),
(5106, '2022-07-20', 21, 'PRESENT'),
(5107, '2022-07-21', 21, 'PRESENT'),
(5108, '2022-07-22', 21, 'PRESENT'),
(5109, '2022-07-25', 21, 'PRESENT'),
(5110, '2022-07-26', 21, 'PRESENT'),
(5111, '2022-07-27', 21, 'PRESENT'),
(5112, '2022-07-28', 21, 'PRESENT'),
(5113, '0000-00-00', 1, 'PRESENT'),
(5114, '0000-00-00', 1, 'PRESENT'),
(5115, '0000-00-00', 2, 'PRESENT'),
(5116, '0000-00-00', 2, 'ABSENT'),
(5117, '0000-00-00', 3, 'PRESENT'),
(5118, '0000-00-00', 3, 'PRESENT'),
(5119, '0000-00-00', 4, 'ABSENT'),
(5120, '0000-00-00', 4, 'ABSENT'),
(5121, '0000-00-00', 5, 'PRESENT'),
(5122, '0000-00-00', 5, 'PRESENT'),
(5123, '0000-00-00', 6, 'PRESENT'),
(5124, '0000-00-00', 6, 'PRESENT'),
(5125, '0000-00-00', 7, 'PRESENT'),
(5126, '0000-00-00', 7, 'ABSENT'),
(5127, '0000-00-00', 8, 'PRESENT'),
(5128, '0000-00-00', 8, 'PRESENT'),
(5129, '0000-00-00', 9, 'PRESENT'),
(5130, '0000-00-00', 9, 'PRESENT'),
(5131, '0000-00-00', 10, 'PRESENT'),
(5132, '0000-00-00', 10, 'PRESENT'),
(5133, '0000-00-00', 11, 'PRESENT'),
(5134, '0000-00-00', 11, 'PRESENT'),
(5135, '0000-00-00', 12, 'PRESENT'),
(5136, '0000-00-00', 12, 'PRESENT'),
(5137, '0000-00-00', 13, 'ABSENT'),
(5138, '0000-00-00', 13, 'ABSENT'),
(5139, '0000-00-00', 14, 'PRESENT'),
(5140, '0000-00-00', 14, 'PRESENT'),
(5141, '0000-00-00', 15, 'PRESENT'),
(5142, '0000-00-00', 15, 'PRESENT'),
(5143, '0000-00-00', 16, 'PRESENT'),
(5144, '0000-00-00', 16, 'PRESENT'),
(5145, '0000-00-00', 17, 'PRESENT'),
(5146, '0000-00-00', 17, 'PRESENT'),
(5147, '0000-00-00', 18, 'PRESENT'),
(5148, '0000-00-00', 18, 'ABSENT'),
(5149, '0000-00-00', 19, 'PRESENT'),
(5150, '0000-00-00', 19, 'PRESENT'),
(5151, '0000-00-00', 20, 'PRESENT'),
(5152, '0000-00-00', 20, 'PRESENT'),
(5153, '0000-00-00', 21, 'PRESENT'),
(5154, '0000-00-00', 21, 'PRESENT');

-- --------------------------------------------------------

--
-- Table structure for table `batch`
--

CREATE TABLE `batch` (
  `batch_id` int(11) NOT NULL,
  `batch_number` int(11) NOT NULL,
  `batch_name` varchar(50) NOT NULL,
  `year` year(4) NOT NULL,
  `start_date` date NOT NULL DEFAULT current_timestamp(),
  `end_date` date DEFAULT NULL,
  `course_id` int(11) NOT NULL
) ENGINE=InnoDB DEFAULT CHARSET=utf8mb4;

--
-- Dumping data for table `batch`
--

INSERT INTO `batch` (`batch_id`, `batch_number`, `batch_name`, `year`, `start_date`, `end_date`, `course_id`) VALUES
(1, 1, 'Software Developer - 2022', 2022, '2022-04-18', '2023-04-17', 1),
(2, 1, 'Software Developer - 2023', 2023, '2023-04-18', '2024-04-16', 1),
(3, 1, 'Multimedia Designer - 2022', 2022, '2022-04-16', '2023-03-16', 2),
(4, 1, 'Multimedia Designer - 2023', 2023, '2023-04-18', '2024-04-16', 2);

-- --------------------------------------------------------

--
-- Table structure for table `course`
--

CREATE TABLE `course` (
  `course_id` int(11) NOT NULL,
  `course_name` varchar(30) NOT NULL,
  `duration` varchar(60) NOT NULL,
  `fee` float NOT NULL
) ENGINE=InnoDB DEFAULT CHARSET=utf8mb4;

--
-- Dumping data for table `course`
--

INSERT INTO `course` (`course_id`, `course_name`, `duration`, `fee`) VALUES
(1, 'Software Developer', '12 Months', 18000),
(2, 'Multimedia Designer', '12 Months', 20000);

-- --------------------------------------------------------

--
-- Table structure for table `course_fee`
--

CREATE TABLE `course_fee` (
  `id` int(11) NOT NULL,
  `course_id` int(11) NOT NULL,
  `batch_id` int(11) NOT NULL,
  `course_fee` int(11) NOT NULL,
  `registration_fee` int(11) NOT NULL,
  `examination_fee` int(11) NOT NULL,
  `daily_diary_fee` int(11) NOT NULL,
  `cbt_fee` int(11) NOT NULL,
  `stamp_fee` int(11) NOT NULL
) ENGINE=InnoDB DEFAULT CHARSET=utf8mb4;

--
-- Dumping data for table `course_fee`
--

INSERT INTO `course_fee` (`id`, `course_id`, `batch_id`, `course_fee`, `registration_fee`, `examination_fee`, `daily_diary_fee`, `cbt_fee`, `stamp_fee`) VALUES
(1, 1, 1, 0, 0, 500, 200, 200, 400),
(2, 1, 2, 18000, 600, 500, 200, 200, 400);

-- --------------------------------------------------------

--
-- Table structure for table `drop_out`
--

CREATE TABLE `drop_out` (
  `id` int(11) NOT NULL,
  `student_id` int(11) NOT NULL,
  `course_id` int(11) NOT NULL,
  `batch_id` int(11) NOT NULL,
  `drop_out_date` date NOT NULL DEFAULT current_timestamp(),
  `reason` varchar(500) NOT NULL
) ENGINE=InnoDB DEFAULT CHARSET=utf8mb4;

--
-- Dumping data for table `drop_out`
--

INSERT INTO `drop_out` (`id`, `student_id`, `course_id`, `batch_id`, `drop_out_date`, `reason`) VALUES
(1, 41, 1, 2, '2023-12-10', 'Due to personal matters'),
(2, 37, 1, 2, '2023-09-11', 'Due to a personal matter');

-- --------------------------------------------------------

--
-- Table structure for table `holidays`
--

CREATE TABLE `holidays` (
  `id` int(11) NOT NULL,
  `date` date NOT NULL,
  `title` varchar(500) NOT NULL,
  `description` varchar(200) DEFAULT NULL
) ENGINE=InnoDB DEFAULT CHARSET=utf8mb4;

--
-- Dumping data for table `holidays`
--

INSERT INTO `holidays` (`id`, `date`, `title`, `description`) VALUES
(5, '2024-02-15', 'The New One', 'sdfsdfsdf'),
(6, '2024-02-14', 'Valentine da Valantin da???', 'Sirawata ahanne'),
(7, '2024-01-16', 'Some Reason', '');

-- --------------------------------------------------------

--
-- Table structure for table `interview`
--

CREATE TABLE `interview` (
  `interview_no` int(11) NOT NULL,
  `application_catogary` enum('General','Civil Balakaya','SL Army','Youth-Corp','13 Plus','Other') NOT NULL,
  `selection` enum('y','n') NOT NULL,
  `job_target` enum('local','foreign','self') NOT NULL,
  `remarks` varchar(50) DEFAULT NULL,
  `english_ol` varchar(2) NOT NULL,
  `science_ol` varchar(2) NOT NULL,
  `maths_ol` varchar(2) NOT NULL,
  `subject1_name_al` varchar(20) NOT NULL,
  `subject2_name_al` varchar(20) NOT NULL,
  `subject3_name_al` varchar(20) NOT NULL,
  `subject1_result_al` varchar(2) NOT NULL,
  `subject2_result_al` varchar(2) NOT NULL,
  `subject3_result_al` varchar(2) NOT NULL,
  `course_awareness` varchar(50) NOT NULL,
  `upto_ol` int(11) NOT NULL,
  `ol_pass` int(11) NOT NULL,
  `english` int(11) NOT NULL,
  `maths` int(11) NOT NULL,
  `science` int(11) NOT NULL,
  `al_pass` int(11) NOT NULL,
  `own_skill` int(11) NOT NULL,
  `job_environment` int(11) NOT NULL,
  `desire` int(11) NOT NULL,
  `application_number` int(11) NOT NULL,
  `date` date NOT NULL DEFAULT current_timestamp()
) ENGINE=InnoDB DEFAULT CHARSET=utf8mb4;

--
-- Dumping data for table `interview`
--

INSERT INTO `interview` (`interview_no`, `application_catogary`, `selection`, `job_target`, `remarks`, `english_ol`, `science_ol`, `maths_ol`, `subject1_name_al`, `subject2_name_al`, `subject3_name_al`, `subject1_result_al`, `subject2_result_al`, `subject3_result_al`, `course_awareness`, `upto_ol`, `ol_pass`, `english`, `maths`, `science`, `al_pass`, `own_skill`, `job_environment`, `desire`, `application_number`, `date`) VALUES
(1, 'General', 'y', 'local', 'Good one', 'A', 'A', 'A', 'Some Sub', 'Some Sub', 'Some Sub', 'A', 'A', 'A', 'From a friend', 0, 0, 0, 0, 0, 0, 0, 0, 0, 1, '2024-04-01'),
(2, 'General', 'y', 'local', 'Good one', 'A', 'A', 'A', 'Some Sub', 'Some Sub', 'Some Sub', 'A', 'A', 'A', 'From a friend', 0, 0, 0, 0, 0, 0, 0, 0, 0, 2, '2024-04-01'),
(3, 'General', 'y', 'local', 'Good one', 'A', 'A', 'A', 'Some Sub', 'Some Sub', 'Some Sub', 'A', 'A', 'A', 'From a friend', 0, 0, 0, 0, 0, 0, 0, 0, 0, 3, '2024-04-01'),
(4, 'General', 'y', 'local', 'Good one', 'A', 'A', 'A', 'Some Sub', 'Some Sub', 'Some Sub', 'A', 'A', 'A', 'From a friend', 0, 0, 0, 0, 0, 0, 0, 0, 0, 4, '2024-04-01'),
(5, 'General', 'y', 'local', 'Good one', 'A', 'A', 'A', 'Some Sub', 'Some Sub', 'Some Sub', 'A', 'A', 'A', 'From a friend', 0, 0, 0, 0, 0, 0, 0, 0, 0, 5, '2024-04-01'),
(6, 'General', 'y', 'local', 'Good one', 'A', 'A', 'A', 'Some Sub', 'Some Sub', 'Some Sub', 'A', 'A', 'A', 'From a friend', 0, 0, 0, 0, 0, 0, 0, 0, 0, 6, '2024-04-01'),
(7, 'General', 'y', 'local', 'Good one', 'A', 'A', 'A', 'Some Sub', 'Some Sub', 'Some Sub', 'A', 'A', 'A', 'From a friend', 0, 0, 0, 0, 0, 0, 0, 0, 0, 7, '2024-04-01'),
(8, 'General', 'y', 'local', 'Good one', 'A', 'A', 'A', 'Some Sub', 'Some Sub', 'Some Sub', 'A', 'A', 'A', 'From a friend', 0, 0, 0, 0, 0, 0, 0, 0, 0, 8, '2024-04-01'),
(9, 'General', 'y', 'local', 'Good one', 'A', 'A', 'A', 'Some Sub', 'Some Sub', 'Some Sub', 'A', 'A', 'A', 'From a friend', 0, 0, 0, 0, 0, 0, 0, 0, 0, 9, '2024-04-01'),
(10, 'General', 'y', 'local', 'Good one', 'A', 'A', 'A', 'Some Sub', 'Some Sub', 'Some Sub', 'A', 'A', 'A', 'From a friend', 0, 0, 0, 0, 0, 0, 0, 0, 0, 10, '2024-04-01'),
(11, 'General', 'y', 'local', 'Good one', 'A', 'A', 'A', 'Some Sub', 'Some Sub', 'Some Sub', 'A', 'A', 'A', 'From a friend', 0, 0, 0, 0, 0, 0, 0, 0, 0, 11, '2024-04-01'),
(12, 'General', 'y', 'local', 'Good one', 'A', 'A', 'A', 'Some Sub', 'Some Sub', 'Some Sub', 'A', 'A', 'A', 'From a friend', 0, 0, 0, 0, 0, 0, 0, 0, 0, 12, '2024-04-01'),
(13, 'General', 'y', 'local', 'Good one', 'A', 'A', 'A', 'Some Sub', 'Some Sub', 'Some Sub', 'A', 'A', 'A', 'From a friend', 0, 0, 0, 0, 0, 0, 0, 0, 0, 13, '2024-04-01'),
(14, 'General', 'y', 'local', 'Good one', 'A', 'A', 'A', 'Some Sub', 'Some Sub', 'Some Sub', 'A', 'A', 'A', 'From a friend', 0, 0, 0, 0, 0, 0, 0, 0, 0, 14, '2024-04-01'),
(15, 'General', 'y', 'local', 'Good one', 'A', 'A', 'A', 'Some Sub', 'Some Sub', 'Some Sub', 'A', 'A', 'A', 'From a friend', 0, 0, 0, 0, 0, 0, 0, 0, 0, 15, '2024-04-01'),
(16, 'General', 'y', 'local', 'Good one', 'A', 'A', 'A', 'Some Sub', 'Some Sub', 'Some Sub', 'A', 'A', 'A', 'From a friend', 0, 0, 0, 0, 0, 0, 0, 0, 0, 16, '2024-04-01'),
(17, 'General', 'y', 'local', 'Good one', 'A', 'A', 'A', 'Some Sub', 'Some Sub', 'Some Sub', 'A', 'A', 'A', 'From a friend', 0, 0, 0, 0, 0, 0, 0, 0, 0, 17, '2024-04-01'),
(18, 'General', 'y', 'local', 'Good one', 'A', 'A', 'A', 'Some Sub', 'Some Sub', 'Some Sub', 'A', 'A', 'A', 'From a friend', 0, 0, 0, 0, 0, 0, 0, 0, 0, 18, '2024-04-01'),
(19, 'General', 'y', 'local', 'Good one', 'A', 'A', 'A', 'Some Sub', 'Some Sub', 'Some Sub', 'A', 'A', 'A', 'From a friend', 0, 0, 0, 0, 0, 0, 0, 0, 0, 19, '2024-04-01'),
(20, 'General', 'y', 'local', 'Good one', 'A', 'A', 'A', 'Some Sub', 'Some Sub', 'Some Sub', 'A', 'A', 'A', 'From a friend', 0, 0, 0, 0, 0, 0, 0, 0, 0, 20, '2024-04-01'),
(21, 'General', 'y', 'local', 'Good one', 'A', 'A', 'A', 'Some Sub', 'Some Sub', 'Some Sub', 'A', 'A', 'A', 'From a friend', 0, 0, 0, 0, 0, 0, 0, 0, 0, 21, '2024-04-01'),
(22, 'General', 'y', 'local', 'Good one', 'A', 'A', 'A', 'Some Sub', 'Some Sub', 'Some Sub', 'A', 'A', 'A', 'From a friend', 0, 0, 0, 0, 0, 0, 0, 0, 0, 22, '2024-04-01'),
(23, 'General', 'y', 'local', 'Good one', 'A', 'A', 'A', 'Some Sub', 'Some Sub', 'Some Sub', 'A', 'A', 'A', 'From a friend', 0, 0, 0, 0, 0, 0, 0, 0, 0, 23, '2024-04-01'),
(24, 'General', 'y', 'local', 'Good one', 'A', 'A', 'A', 'Some Sub', 'Some Sub', 'Some Sub', 'A', 'A', 'A', 'From a friend', 0, 0, 0, 0, 0, 0, 0, 0, 0, 24, '2024-04-01'),
(25, 'General', 'y', 'local', 'Good one', 'A', 'A', 'A', 'Some Sub', 'Some Sub', 'Some Sub', 'A', 'A', 'A', 'From a friend', 0, 0, 0, 0, 0, 0, 0, 0, 0, 25, '2024-04-01'),
(26, 'General', 'y', 'local', 'Good one', 'A', 'A', 'A', 'Some Sub', 'Some Sub', 'Some Sub', 'A', 'A', 'A', 'From a friend', 0, 0, 0, 0, 0, 0, 0, 0, 0, 26, '2024-04-01'),
(27, 'General', 'y', 'local', 'Good one', 'A', 'A', 'A', 'Some Sub', 'Some Sub', 'Some Sub', 'A', 'A', 'A', 'From a friend', 0, 0, 0, 0, 0, 0, 0, 0, 0, 27, '2024-04-01'),
(28, 'General', 'y', 'local', 'Good one', 'A', 'A', 'A', 'Some Sub', 'Some Sub', 'Some Sub', 'A', 'A', 'A', 'From a friend', 0, 0, 0, 0, 0, 0, 0, 0, 0, 28, '2024-04-01'),
(29, 'General', 'y', 'local', 'Good one', 'A', 'A', 'A', 'Some Sub', 'Some Sub', 'Some Sub', 'A', 'A', 'A', 'From a friend', 0, 0, 0, 0, 0, 0, 0, 0, 0, 29, '2024-04-01'),
(30, 'General', 'y', 'local', 'Good one', 'A', 'A', 'A', 'Some Sub', 'Some Sub', 'Some Sub', 'A', 'A', 'A', 'From a friend', 0, 0, 0, 0, 0, 0, 0, 0, 0, 30, '2024-04-01'),
(31, 'General', 'y', 'local', 'Good one', 'A', 'A', 'A', 'Some Sub', 'Some Sub', 'Some Sub', 'A', 'A', 'A', 'From a friend', 0, 0, 0, 0, 0, 0, 0, 0, 0, 31, '2024-04-01'),
(32, 'General', 'y', 'local', 'Good one', 'A', 'A', 'A', 'Some Sub', 'Some Sub', 'Some Sub', 'A', 'A', 'A', 'From a friend', 0, 0, 0, 0, 0, 0, 0, 0, 0, 32, '2024-04-01'),
(33, 'General', 'y', 'local', 'Good one', 'A', 'A', 'A', 'Some Sub', 'Some Sub', 'Some Sub', 'A', 'A', 'A', 'From a friend', 0, 0, 0, 0, 0, 0, 0, 0, 0, 33, '2024-04-01'),
(34, 'General', 'y', 'local', 'Good one', 'A', 'A', 'A', 'Some Sub', 'Some Sub', 'Some Sub', 'A', 'A', 'A', 'From a friend', 0, 0, 0, 0, 0, 0, 0, 0, 0, 34, '2024-04-01'),
(35, 'General', 'y', 'local', 'Good one', 'A', 'A', 'A', 'Some Sub', 'Some Sub', 'Some Sub', 'A', 'A', 'A', 'From a friend', 0, 0, 0, 0, 0, 0, 0, 0, 0, 35, '2024-04-01'),
(36, 'General', 'y', 'local', 'Good one', 'A', 'A', 'A', 'Some Sub', 'Some Sub', 'Some Sub', 'A', 'A', 'A', 'From a friend', 0, 0, 0, 0, 0, 0, 0, 0, 0, 36, '2024-04-01'),
(37, 'General', 'y', 'local', 'Good one', 'A', 'A', 'A', 'Some Sub', 'Some Sub', 'Some Sub', 'A', 'A', 'A', 'From a friend', 0, 0, 0, 0, 0, 0, 0, 0, 0, 37, '2024-04-01'),
(38, 'General', 'y', 'local', 'Good one', 'A', 'A', 'A', 'Some Sub', 'Some Sub', 'Some Sub', 'A', 'A', 'A', 'From a friend', 0, 0, 0, 0, 0, 0, 0, 0, 0, 38, '2024-04-01'),
(39, 'General', 'y', 'local', 'Good one', 'A', 'A', 'A', 'Some Sub', 'Some Sub', 'Some Sub', 'A', 'A', 'A', 'From a friend', 0, 0, 0, 0, 0, 0, 0, 0, 0, 39, '2024-04-01'),
(40, 'General', 'y', 'local', 'Good one', 'A', 'A', 'A', 'Some Sub', 'Some Sub', 'Some Sub', 'A', 'A', 'A', 'From a friend', 0, 0, 0, 0, 0, 0, 0, 0, 0, 40, '2024-04-01'),
(41, 'General', 'y', 'local', 'Good one', 'A', 'A', 'A', 'Some Sub', 'Some Sub', 'Some Sub', 'A', 'A', 'A', 'From a friend', 0, 0, 0, 0, 0, 0, 0, 0, 0, 41, '2024-04-01'),
(42, 'General', 'y', 'local', 'Good one', 'A', 'A', 'A', 'Some Sub', 'Some Sub', 'Some Sub', 'A', 'A', 'A', 'From a friend', 0, 0, 0, 0, 0, 0, 0, 0, 0, 42, '2024-04-01');

-- --------------------------------------------------------

--
-- Table structure for table `login_records`
--

CREATE TABLE `login_records` (
  `id` int(11) NOT NULL,
  `user_id` int(11) NOT NULL,
  `logged_in_time` timestamp NOT NULL DEFAULT current_timestamp(),
  `logged_out_time` timestamp NULL DEFAULT NULL ON UPDATE current_timestamp(),
  `session_id` varchar(10) NOT NULL,
  `session_condition` enum('ACTIVE','DEACTIVE') NOT NULL DEFAULT 'ACTIVE'
) ENGINE=InnoDB DEFAULT CHARSET=utf8mb4;

--
-- Dumping data for table `login_records`
--

INSERT INTO `login_records` (`id`, `user_id`, `logged_in_time`, `logged_out_time`, `session_id`, `session_condition`) VALUES
(1, 1, '2024-02-10 14:39:15', NULL, '387afdd582', 'ACTIVE'),
(2, 1, '2024-02-27 03:06:41', NULL, '5486ddbff6', 'ACTIVE'),
(3, 1, '2024-02-27 03:08:25', NULL, 'eb237f5be8', 'ACTIVE'),
(4, 1, '2024-02-27 05:08:29', NULL, 'd01944f4e6', 'ACTIVE'),
(5, 1, '2024-02-27 05:10:24', NULL, 'd6163bec9b', 'ACTIVE'),
(6, 1, '2024-02-27 06:01:28', NULL, '3fa47dec97', 'ACTIVE'),
(7, 1, '2024-02-27 06:13:44', NULL, '732a8d4603', 'ACTIVE'),
(8, 1, '2024-02-27 06:48:17', NULL, '4abd190528', 'ACTIVE');

-- --------------------------------------------------------

--
-- Table structure for table `module`
--

CREATE TABLE `module` (
  `module_id` int(11) NOT NULL,
  `module_no` char(5) NOT NULL,
  `module_name` varchar(60) NOT NULL,
  `no_of_tasks` int(11) NOT NULL,
  `course_id` int(11) NOT NULL
) ENGINE=InnoDB DEFAULT CHARSET=utf8mb4;

--
-- Dumping data for table `module`
--

INSERT INTO `module` (`module_id`, `module_no`, `module_name`, `no_of_tasks`, `course_id`) VALUES
(1, 'M-01', 'INTRODUCTION TO SOFTWARE DEVELOPMENT', 6, 1),
(2, 'M-02', 'REQUIREMENT ANALYSIS & DESIGNr', 6, 1),
(3, 'M-03', 'DATABASE DESIGN', 6, 1),
(4, 'M-04', 'DEVELOPING DESKTOP APPLICATION', 9, 1),
(5, 'M-05', 'DEVELOPING WEB APPLICATION', 9, 1),
(6, 'M-06', 'DEVELOPING MOBILE APPLICATION', 7, 1),
(7, 'M-07', 'QUALITY ASSURANCE OF SOFTWARE', 7, 1),
(8, 'M-08', 'COMMUNICATION SKILL', 3, 1),
(9, 'M-09', 'OCCUPATIONAL LITERACY AND NUMERACY', 3, 1),
(10, 'M-10', 'OCCUPATIONAL SAFETY & HEALTH', 4, 1),
(11, 'M-11', 'TEAM WORK', 4, 1);

-- --------------------------------------------------------

--
-- Table structure for table `registered_student`
--

CREATE TABLE `registered_student` (
  `id` int(11) NOT NULL,
  `student_id` int(11) NOT NULL,
  `profile_img_url` varchar(100) DEFAULT NULL,
  `mis` varchar(20) DEFAULT NULL,
  `student_status` enum('active','inactive','dropout') DEFAULT 'active',
  `batch_id` int(11) NOT NULL,
  `registered_date` date DEFAULT NULL
) ENGINE=InnoDB DEFAULT CHARSET=utf8mb4;

--
-- Dumping data for table `registered_student`
--

INSERT INTO `registered_student` (`id`, `student_id`, `profile_img_url`, `mis`, `student_status`, `batch_id`, `registered_date`) VALUES
(1, 1, NULL, '1', 'active', 1, '2023-04-18'),
(2, 2, NULL, '2', 'active', 1, '2023-04-18'),
(3, 3, NULL, '3', 'active', 1, '2023-04-18'),
(4, 4, NULL, '4', 'active', 1, '2023-04-18'),
(5, 5, NULL, '5', 'active', 1, '2023-04-18'),
(6, 6, NULL, '6', 'active', 1, '2023-04-18'),
(7, 7, NULL, '7', 'active', 1, '2023-04-18'),
(8, 8, NULL, '8', 'active', 1, '2023-04-18'),
(9, 9, NULL, '9', 'active', 1, '2023-04-18'),
(10, 10, NULL, '10', 'active', 1, '2023-04-18'),
(11, 11, NULL, '11', 'active', 1, '2023-04-18'),
(12, 12, NULL, '12', 'active', 1, '2023-04-18'),
(13, 13, NULL, '13', 'active', 1, '2023-04-18'),
(14, 14, NULL, '14', 'active', 1, '2023-04-18'),
(15, 15, NULL, '15', 'active', 1, '2023-04-18'),
(16, 16, NULL, '16', 'active', 1, '2023-04-18'),
(17, 17, NULL, '17', 'active', 1, '2023-04-18'),
(18, 18, NULL, '18', 'active', 1, '2023-04-18'),
(19, 19, NULL, '19', 'active', 1, '2023-04-18'),
(20, 20, NULL, '20', 'active', 1, '2023-04-18'),
(21, 21, NULL, '21', 'active', 1, '2023-04-18'),
(22, 22, NULL, '1', 'active', 2, '2023-04-18'),
(23, 23, NULL, '2', 'active', 2, '2023-04-18'),
(24, 24, NULL, '3', 'active', 2, '2023-04-18'),
(25, 25, './public/images/students/student_profile_25.jpg', 'FN/23/SD/1/0014', 'active', 2, '2023-04-18'),
(26, 26, NULL, '5', 'active', 2, '2023-04-18'),
(27, 27, NULL, '7', 'active', 2, '2023-04-18'),
(28, 28, NULL, '8', 'active', 2, '2023-04-18'),
(29, 29, NULL, '9', 'active', 2, '2023-04-18'),
(30, 30, NULL, '10', 'active', 2, '2023-04-18'),
(31, 31, NULL, '11', 'active', 2, '2023-04-18'),
(32, 32, NULL, '12', 'active', 2, '2023-04-18'),
(33, 33, NULL, '13', 'active', 2, '2023-04-18'),
(34, 34, NULL, '14', 'active', 2, '2023-04-18'),
(35, 35, NULL, '15', 'active', 2, '2023-04-18'),
(36, 36, NULL, '16', 'active', 2, '2023-04-18'),
(37, 37, NULL, '17', 'dropout', 2, '2023-04-18'),
(38, 38, NULL, '18', 'active', 2, '2023-04-18'),
(39, 39, NULL, '19', 'active', 2, '2023-04-18'),
(40, 40, NULL, '20', 'active', 2, '2023-04-18'),
(41, 41, NULL, '21', 'dropout', 2, '2023-04-18'),
(42, 42, NULL, '22', 'active', 2, '2023-04-21');

-- --------------------------------------------------------

--
-- Table structure for table `step`
--

CREATE TABLE `step` (
  `step_id` int(11) NOT NULL,
  `step_no` int(11) NOT NULL,
  `task_id` int(11) NOT NULL,
  `step_name` varchar(60) NOT NULL,
  `step_description` varchar(80) NOT NULL
) ENGINE=InnoDB DEFAULT CHARSET=utf8mb4;

--
-- Dumping data for table `step`
--

INSERT INTO `step` (`step_id`, `step_no`, `task_id`, `step_name`, `step_description`) VALUES
(1, 1, 1, 'Assessment Criteria ', 'List different business environments (Financial and banking/ Manufacturing organ'),
(2, 2, 1, 'Assessment Criteria ', 'Identify differences among the listed business environments'),
(3, 3, 1, 'Assessment Criteria ', 'Prepare Presentation to express features of deferent business environments\r\n(Hin'),
(4, 1, 2, 'Assessment Criteria ', 'List role of the software developer '),
(5, 2, 2, 'Assessment Criteria ', 'List responsibilities of software developer'),
(6, 3, 2, 'Assessment Criteria ', 'List code of Ethics (Public, Client and employee, product, Judgment, Profession,'),
(7, 4, 2, 'Assessment Criteria ', 'Prepare presentation to express roles of the software developer \r\n(Hint: Include'),
(8, 1, 3, 'Assessment Criteria ', 'List present and future trends in software development industry  '),
(9, 2, 3, 'Assessment Criteria ', 'Describe present and future trends in software development industry '),
(10, 3, 3, 'Assessment Criteria ', 'Prepare presentation to explain present and future trends in software developmen'),
(11, 1, 4, 'Assessment Criteria ', 'List out software development process and methodologies'),
(12, 2, 4, 'Assessment Criteria ', 'Describe Waterfall process model '),
(13, 3, 4, 'Assessment Criteria ', 'Describe Agile methods (scrum, Kanban) '),
(14, 4, 4, 'Assessment Criteria ', 'Describe prototyping  '),
(15, 5, 4, 'Assessment Criteria ', 'Describe Rapid application development  '),
(16, 6, 4, 'Assessment Criteria ', 'Prepare presentation to explain Software development process and methodologies ('),
(17, 1, 5, 'Assessment Criteria ', 'Describe purpose of Coding Standards'),
(18, 2, 5, 'Assessment Criteria ', 'Describe effectiveness of coding standards'),
(19, 3, 5, 'Assessment Criteria ', 'Prepare presentation to describe different coding standards related to the progr'),
(20, 1, 6, 'Assessment Criteria ', 'Describe Principles of software project management  '),
(21, 2, 6, 'Assessment Criteria', 'Describe Role of project manager'),
(22, 3, 6, 'Assessment Criteria ', 'List the stages of the project  '),
(23, 4, 6, 'Assessment Criteria ', 'Prepare presentation to explain Principles of software project management (Hint:'),
(24, 1, 7, 'Assessment Criteria ', 'Use one of the software development methodologies use Agile Methodology (accordi'),
(25, 2, 7, 'Assessment Criteria', 'Define (Determine what work will be done in the current iteration)'),
(26, 3, 7, 'Assessment Criteria', 'Design (Plan how to build the requirements into a product)'),
(27, 4, 7, 'Assessment Criteria', 'Build (Make the design a reality)'),
(28, 5, 7, 'Assessment Criteria', 'Test (Verify the product functions as designed)'),
(29, 6, 7, 'Assessment Criteria', 'Release (Give the product to the customer)'),
(30, 1, 8, 'Assessment Criteria', 'Use one of the software developer methodologies use Agile methodology (according'),
(31, 2, 8, 'Assessment Criteria', 'Define (Determine what work will be done in the current iteration)'),
(32, 3, 8, 'Assessment Criteria', 'Design (Plan how to build the requirements into a product)'),
(33, 4, 8, 'Assessment Criteria', 'Build (Make the design a reality)'),
(34, 5, 8, 'Assessment Criteria', 'Test (Verify the product functions as designed)'),
(35, 6, 8, 'Assessment Criteria', 'Release (Give the product the customer)'),
(36, 1, 9, 'Assessment Criteria', 'Install required software (Edraw max )'),
(37, 2, 9, 'Assessment Criteria', 'Create new project'),
(38, 3, 9, 'Draw flow Chart', 'Draw a flow chart using the edraw max software for a given scenario'),
(39, 4, 9, 'Draw flow Chart', 'Identify and use correct symbols according to the fulfilment  of scenario'),
(40, 5, 9, 'Draw Data Flow Diagram  lv 1', 'Select a data flow diagram template'),
(41, 6, 9, 'Draw Data Flow Diagram  lv 1', 'Name the data flow diagram'),
(42, 7, 9, 'Draw Data Flow Diagram  lv 1', 'Add an external entity that starts the process'),
(43, 8, 9, 'Draw Data Flow Diagram  lv 1', 'Add a Process to the DFD'),
(44, 9, 9, 'Draw Data Flow Diagram  lv 1', 'Add a data store to the diagram'),
(45, 10, 9, 'Draw Data Flow Diagram  lv 1', 'Continue to add items to the DFD'),
(46, 11, 9, 'Draw Data Flow Diagram  lv 1', 'Add data flow to the DFD'),
(47, 12, 9, 'Draw Data Flow Diagram  lv 1', 'Name the data flow'),
(48, 13, 9, 'Draw Data Flow Diagram  lv 1', 'Save the document correct place, Name, type? The document should be saved / expo'),
(49, 14, 9, 'Draw Data Flow Diagram  lv 1', 'Exit the Program?'),
(50, 15, 9, 'Write Pseudocode', 'Write the pseudocode for he drawn flow chart (According to the coding standards)'),
(51, 1, 10, 'Assessment Criteria', 'Install required software (Argo UML) '),
(52, 2, 10, 'Assessment Criteria', 'Open new document'),
(53, 3, 10, 'Assessment Criteria', 'Draw UML, Class and Activity diagrams for a given scenario '),
(54, 4, 10, 'Assessment Criteria', 'Use correct relationships and cardinality\r\n'),
(55, 5, 10, 'Assessment Criteria', 'Export the drawn diagrams as a PNG'),
(56, 6, 10, 'Assessment Criteria', 'Save the document correct place, Name, type?  The document should be saved / exp'),
(57, 7, 10, 'Assessment Criteria', 'Exit the Program?'),
(58, 1, 11, 'Assessment Criteria', 'Describe purpose of Coding Standards'),
(59, 2, 11, 'Assessment Criteria', 'Describe effectiveness of coding standards'),
(60, 3, 11, 'Assessment Criteria', 'Prepare presentation to describe different coding standards related to the progr'),
(61, 1, 12, 'Assessment Criteria', 'Identify customer /organizational requirement'),
(62, 2, 12, 'Assessment Criteria', 'Gather relevant information'),
(63, 3, 12, 'Assessment Criteria', 'Analyze gathered information'),
(64, 4, 12, 'Assessment Criteria', 'Decide on information to be published'),
(65, 5, 12, 'Assessment Criteria', 'Create a prototype of an interface for the given scenario using prototype buildi'),
(66, 1, 13, 'Assessment Criteria', 'List commonly using Database Management Systems '),
(67, 2, 13, 'Assessment Criteria', 'Make a summery about the database management systems'),
(68, 3, 13, 'Assessment Criteria', 'Present the summery to the class'),
(69, 1, 14, 'Assessment Criteria', 'List the different database types (Centralized database/ Distributed database/ P'),
(70, 2, 14, 'Assessment Criteria', 'List out  the differences between the above-mentioned database types'),
(71, 3, 14, 'Assessment Criteria', 'Prepare a presentation to overview above 1 and 2 steps.'),
(72, 1, 15, 'Assessment Criteria', 'Identify the required Entities according to the customer requirement scenario'),
(73, 2, 15, 'Assessment Criteria', 'Identify the Attributes according to the customer requirement scenario'),
(74, 3, 15, 'Assessment Criteria', 'Identify the Primary key according to the customer requirement scenario'),
(75, 4, 15, 'Assessment Criteria', 'Identify the relationship according to the customer requirement scenario'),
(76, 5, 15, 'Assessment Criteria', 'Identify the Participation constraints according to the customer requirement sce'),
(77, 6, 15, 'Assessment Criteria', 'Identify the cardinality ration according to the customer requirement scenario'),
(78, 7, 15, 'Assessment Criteria', 'Draw an ER diagram using drawing tool (e.g: Edrow Max) '),
(79, 8, 15, 'Assessment Criteria', 'Save the drawing and import it in to pdf version'),
(80, 1, 16, 'Assessment Criteria', 'Create a separate relational table for each entity'),
(81, 2, 16, 'Assessment Criteria', 'Determine the primary key for each of the relations. (primary key must uniquely '),
(82, 3, 16, 'Assessment Criteria', 'Determine the attributes for each of the entities.'),
(83, 4, 16, 'Assessment Criteria', 'Implement the relationships among the entities. (This is accomplished by ensurin'),
(84, 5, 16, 'Assessment Criteria', 'Mapping all related relationships (Regular/ Weak/ Binary 1:1/ Binary 1:N/  Binar'),
(85, 6, 16, 'Assessment Criteria', 'Mapping all related multivalued attributes'),
(86, 7, 16, 'Assessment Criteria', 'Options for Mapping Specialization or Generalization'),
(87, 8, 16, 'Assessment Criteria', 'Mapping of Union Types (Categories).'),
(88, 1, 17, 'Assessment Criteria', 'List all normalization forms'),
(89, 2, 17, 'Assessment Criteria', 'Identify the current form of the data table'),
(90, 3, 17, 'Assessment Criteria', 'Normalize data tables to higher normal forms (3 NF)'),
(91, 1, 18, 'Assessment Criteria', 'Create new database'),
(92, 2, 18, 'Assessment Criteria', 'Display created databases'),
(93, 3, 18, 'Assessment Criteria', 'Select database'),
(94, 4, 18, 'Assessment Criteria', 'Create table and give primary key'),
(95, 5, 18, 'Assessment Criteria', 'View table information'),
(96, 6, 18, 'Assessment Criteria', 'View table data'),
(97, 7, 18, 'Assessment Criteria', 'Insert, Update, Delete records to a table (using mysql quarry)'),
(98, 8, 18, 'Assessment Criteria', 'Drop table , database'),
(99, 1, 19, 'Assessment Criteria', 'Download Suitable version of Java JDK From Official Oracle Site.'),
(100, 2, 19, 'Assessment Criteria', 'Double click on \"jdk-8u162-windows-x64 From Downloaded Location.'),
(101, 3, 19, 'Assessment Criteria', 'Click Next Button on Java SE Development Kit 8 Update 162 (64-bit) Setup'),
(102, 4, 19, 'Assessment Criteria', 'Click Next Button In Next Setup View (Change Installation Location If Need).'),
(103, 5, 19, 'Assessment Criteria', 'Complete the Installation Process'),
(104, 1, 20, 'Assessment Criteria', 'Opening Command Prompt and set path for the java bin folder or set environment v'),
(105, 2, 20, 'Assessment Criteria', 'Write the code in Text editor for get output for the following basic program con'),
(106, 3, 20, 'Assessment Criteria', 'Print \"Hello World\" on CMD'),
(107, 4, 20, 'Assessment Criteria', 'Add Two Numbers and get output using CMD'),
(108, 5, 20, 'Assessment Criteria', 'Use Variables '),
(109, 6, 20, 'Assessment Criteria', 'Use Simple Operators and get output on CMD'),
(110, 7, 20, 'Assessment Criteria', 'Use AND Operator and get output on CMD'),
(111, 8, 20, 'Assessment Criteria', 'Use OR Operator and get output on CMD'),
(112, 9, 20, 'Assessment Criteria', 'Use Assignment Operator and get output on CMD'),
(113, 10, 20, 'Assessment Criteria', 'Use If Statement and get output on CMD'),
(114, 11, 20, 'Assessment Criteria', 'Use If Else Statement and get output on CMD'),
(115, 12, 20, 'Assessment Criteria', 'Use Switch and get output on CMD'),
(116, 13, 20, 'Assessment Criteria', 'Use For Loop and get output on CMD'),
(117, 14, 20, 'Assessment Criteria', 'Use While Loop and get output on CMD'),
(118, 15, 20, 'Assessment Criteria', 'Use Do While Loop and get output on CMD'),
(119, 16, 20, 'Assessment Criteria', 'Use Break Statement and get output on CMD'),
(120, 17, 20, 'Assessment Criteria', 'Save all the files using .java extention '),
(121, 18, 20, 'Assessment Criteria', 'Compile the files using javac command in command prompt'),
(122, 19, 20, 'Assessment Criteria', 'Execute the compiles files using java command'),
(123, 1, 21, 'Assessment Criteria', 'Open NetBeans IDE'),
(124, 2, 21, 'Assessment Criteria', 'Open a new Java Project '),
(125, 3, 21, 'Assessment Criteria', 'Write the code in IDE for get output for the following basic program concepts (s'),
(126, 4, 21, 'Assessment Criteria', 'Print \"Hello World\" on IDE clicking on the run icon'),
(127, 5, 21, 'Assessment Criteria', 'Add Two Numbers and get output using IDE clicking on the run icon'),
(128, 6, 21, 'Assessment Criteria', 'Use Variables clicking on the run icon'),
(129, 7, 21, 'Assessment Criteria', 'Use Simple Operators and get output on IDE clicking on the run icon'),
(130, 8, 21, 'Assessment Criteria', 'Use AND Operator and get output on IDE clicking on the run icon'),
(131, 9, 21, 'Assessment Criteria', 'Use OR Operator and get output on IDE clicking on the run icon'),
(132, 10, 21, 'Assessment Criteria', 'Use Assignment Operator and get output on IDE clicking on the run icon'),
(133, 11, 21, 'Assessment Criteria', 'Use If Statement and get output on IDE clicking on the run icon'),
(134, 12, 21, 'Assessment Criteria', 'Use If Else Statement and get output on IDE clicking on the run icon'),
(135, 13, 21, 'Assessment Criteria', 'Use Switch and get output on IDE clicking on the run icon'),
(136, 14, 21, 'Assessment Criteria', 'Use For Loop and get output on IDE clicking on the run icon'),
(137, 15, 21, 'Assessment Criteria', 'Use While Loop and get output on IDE clicking on the run icon'),
(138, 16, 21, 'Assessment Criteria', 'Use Do While Loop and get output on IDE clicking on the run icon'),
(139, 17, 21, 'Assessment Criteria', 'Use Break Statement and get output on IDE clicking on the run icon'),
(140, 18, 21, 'Assessment Criteria', 'Use Break Statement and get output on IDE clicking on the run icon'),
(141, 19, 21, 'Assessment Criteria', 'Use Break Statement and get output on IDE clicking on the run icon'),
(142, 1, 22, 'Assessment Criteria', 'Open NetBeans IDE'),
(143, 2, 22, 'Assessment Criteria', 'Open a new Java Project '),
(144, 3, 22, 'Assessment Criteria', 'Write the code in IDE for get output for the following basic program concepts (s'),
(145, 4, 22, 'Assessment Criteria', 'Print \"Hello World\" on IDE clicking on the run icon'),
(146, 5, 22, 'Assessment Criteria', 'Add Two Numbers and get output using IDE clicking on the run icon'),
(147, 6, 22, 'Assessment Criteria', 'Use Variables clicking on the run icon'),
(148, 7, 22, 'Assessment Criteria', 'Use Simple Operators and get output on IDE clicking on the run icon'),
(149, 8, 22, 'Assessment Criteria', 'Use AND Operator and get output on IDE clicking on the run icon'),
(150, 9, 22, 'Assessment Criteria', 'Use OR Operator and get output on IDE clicking on the run icon'),
(151, 10, 22, 'Assessment Criteria', 'Use Assignment Operator and get output on IDE clicking on the run icon'),
(152, 11, 22, 'Assessment Criteria', 'Use If Statement and get output on IDE clicking on the run icon'),
(153, 12, 22, 'Assessment Criteria', 'Use If Else Statement and get output on IDE clicking on the run icon'),
(154, 13, 22, 'Assessment Criteria', 'Use Switch and get output on IDE clicking on the run icon'),
(155, 14, 22, 'Assessment Criteria', 'Use For Loop and get output on IDE clicking on the run icon'),
(156, 15, 22, 'Assessment Criteria', 'Use While Loop and get output on IDE clicking on the run icon'),
(157, 16, 22, 'Assessment Criteria', 'Use Do While Loop and get output on IDE clicking on the run icon'),
(158, 17, 22, 'Assessment Criteria', 'Use Break Statement and get output on IDE clicking on the run icon'),
(159, 18, 22, 'Assessment Criteria', 'Create separate methods/ functions in same class'),
(160, 19, 22, 'Assessment Criteria', 'Call created methods/ functions in main class and inside methods'),
(161, 20, 22, 'Assessment Criteria', 'Create separate methods/ functions in same class with parameter passing'),
(162, 21, 22, 'Assessment Criteria', 'Call created parameterized methods/ functions in main class and inside methods'),
(163, 22, 22, 'Assessment Criteria', 'Get values form methods/ functions using return statement'),
(164, 1, 23, 'Assessment Criteria', 'Open NetBeans IDE'),
(165, 2, 23, 'Assessment Criteria', 'Open a new Java Project '),
(166, 3, 23, 'Assessment Criteria', 'Write the code in IDE for get output for the following basic program concepts (s'),
(167, 4, 23, 'Assessment Criteria', 'Create separate classes'),
(168, 5, 23, 'Assessment Criteria', 'Create class constructors to create objects'),
(169, 6, 23, 'Assessment Criteria', 'Call constructor method using objects'),
(170, 7, 23, 'Assessment Criteria', 'Create child classes by extending parent classes (Inheritance)'),
(171, 8, 23, 'Assessment Criteria', 'Hide data in the class using access modifiers (Encapsulation)'),
(172, 9, 23, 'Assessment Criteria', 'Override parent method and change the process'),
(173, 10, 23, 'Assessment Criteria', 'Overload methods to create same methods with different parameters'),
(174, 11, 23, 'Assessment Criteria', 'Commonly use a single method for different process using polymorphism concept (o'),
(175, 12, 23, 'Assessment Criteria', 'Create classes that cannot create object using abstract concepts'),
(176, 1, 24, 'Assessment Criteria', 'Opening NetBeans IDE'),
(177, 2, 24, 'Assessment Criteria', 'Opening a new Java Project using JFrame'),
(178, 3, 24, 'Assessment Criteria', 'Design the GUI (Graphical User Interface) according to the client\'s requirements'),
(179, 4, 24, 'Assessment Criteria', 'Write down the codes to all elements in GUI to full fill the process of entire p'),
(180, 1, 25, 'Assessment Criteria', 'Create a GUI'),
(181, 2, 25, 'Assessment Criteria', 'Create new Database using mysql (use php myadmin/ MySQL workbench)'),
(182, 3, 25, 'Assessment Criteria', '3.	Create Table on Database and relationships'),
(183, 4, 25, 'Assessment Criteria', 'Create separate JAVA Class for Database Connection\r\nAdd JDBC/ODBC library to the'),
(184, 5, 25, 'Assessment Criteria', 'Initialize Database'),
(185, 6, 25, 'Assessment Criteria', 'Call Database Connection to GUI Class '),
(186, 7, 25, 'Assessment Criteria', 'Validate client side and server side'),
(187, 8, 25, 'Assessment Criteria', 'Code rest of the java classes, method, functions and processors (e.g.: insert/ d'),
(188, 9, 25, 'Assessment Criteria', 'Run the project'),
(189, 1, 26, 'Assessment Criteria', 'Create Software Package'),
(190, 2, 26, 'Assessment Criteria', 'Create JAVA Package'),
(191, 3, 26, 'Assessment Criteria', 'Create exe Package'),
(192, 4, 26, 'Assessment Criteria', 'Install the Setup file'),
(193, 5, 26, 'Assessment Criteria', 'Import the Database to the deploying computer (If project need)'),
(194, 6, 26, 'Assessment Criteria', 'Run the Installed software'),
(195, 1, 27, 'Assessment Criteria', 'Give an Introduction about your Software'),
(196, 2, 27, 'Assessment Criteria', 'Give introduction about Installation software'),
(197, 3, 27, 'Assessment Criteria', 'Give introduction about Import Database (If Project Need )'),
(198, 4, 27, 'Assessment Criteria', 'Give explanation of interfaces and functions using screen-shots or making video '),
(199, 5, 27, 'Assessment Criteria', 'Give helpdesk questions and answers if necessary'),
(200, 1, 28, 'Assessment Criteria', 'Select text editors (Notepad/ Notepad++/ brackets/ Sublime Text)'),
(201, 2, 28, 'Assessment Criteria', 'Save the text editor with correct file extension (ex: firstHTMLpage. Html)'),
(202, 3, 28, 'Assessment Criteria', 'Correctly coding the html open tags(<html>, <head>, <title>, <body>)'),
(203, 4, 28, 'Assessment Criteria', 'Correctly give the suitable attributes to the tags (<body bg color=\"\"red\"\">)'),
(204, 5, 28, 'Assessment Criteria', 'Correctly coding the html close tags related to opening tags (</body>, </title>,'),
(205, 6, 28, 'Assessment Criteria', 'Can design the HTML form with necessary form controls and elements'),
(206, 7, 28, 'Assessment Criteria', 'Can design the HTML frames (Not supported HTML5)Use HTML <iframe> tag to create '),
(207, 8, 28, 'Assessment Criteria', 'Is display the created web layout as required'),
(208, 1, 29, 'Assessment Criteria', 'Creating a new canvas using following changes Width (pixels, inches, centimeters'),
(209, 2, 29, 'Assessment Criteria', 'Add new layers (using new/layer/new all layer)'),
(210, 3, 29, 'Assessment Criteria', 'Select an image using selection tools (rectangular marquee tool/elliptical marqu'),
(211, 4, 29, 'Assessment Criteria', 'Drag and drop selected image to layer/ Apply mask for picture/ Insert Shapes (cu'),
(212, 5, 29, 'Assessment Criteria', 'Use lasso tools  and change their properties'),
(213, 6, 29, 'Assessment Criteria', 'Use quick selection/ magic wand  tools  and change their properties'),
(214, 7, 29, 'Assessment Criteria', 'Use crop/ eyedropper tools  and change their properties'),
(215, 8, 29, 'Assessment Criteria', 'Use spot/ healing/ patch  tools  and change their properties'),
(216, 9, 20, 'Assessment Criteria', 'Use clone stamp/ pattern stamp tool  and change their properties'),
(217, 10, 29, 'Assessment Criteria', 'Use blur/ sharpen/ smudge tools  and change their properties'),
(218, 11, 29, 'Assessment Criteria', 'Use dodge/ burn/ sponge tools and change their properties'),
(219, 12, 29, 'Assessment Criteria', 'Use pen/ anchor tools and change their properties'),
(220, 13, 29, 'Assessment Criteria', 'Use path selection tool and change its properties'),
(221, 14, 29, 'Assessment Criteria', 'Use text tools and change their properties'),
(222, 15, 29, 'Assessment Criteria', 'Use Gradient and paint bucket tools'),
(223, 16, 29, 'Assessment Criteria', 'Give styles/ Drop Shadows/ Stroke etc. Using Blending Options'),
(224, 17, 29, 'Assessment Criteria', 'Save as (psd, jpeg, png, tiff)'),
(225, 1, 30, 'Assessment Criteria', 'Creating the html interface which can insert data and can submit and reset them '),
(226, 2, 30, 'Assessment Criteria', 'Styles are specified in an external CSS file using single external style sheet c'),
(227, 3, 30, 'Assessment Criteria', 'Can apply  specific styles to a single html file inside the head section of html'),
(228, 4, 30, 'Assessment Criteria', 'Styles are specified inside the html tag /element using inline style sheet corre'),
(229, 5, 30, 'Assessment Criteria', 'Can linking CSS file to html'),
(230, 6, 30, 'Assessment Criteria', 'Can see the all styles apply to the interface after running the web page'),
(231, 1, 31, 'Assessment Criteria', 'Open NetBeans IDE and go to the file and create new HTML project'),
(232, 2, 31, 'Assessment Criteria', 'Type the project name and finish it'),
(233, 3, 31, 'Assessment Criteria', 'Go to the html index file and start scripting inside head or body section'),
(234, 4, 31, 'Assessment Criteria', 'Go to your html project and right click the site root folder and go to new Java '),
(235, 5, 31, 'Assessment Criteria', 'You can display the scripted result in your web browser from two ways (Document '),
(236, 6, 31, 'Assessment Criteria', 'Use Java Script variables/ operators (arithmetic/ assignment)/ data types/ funct'),
(237, 7, 31, 'Assessment Criteria', 'Display alert box using Java Script'),
(238, 8, 31, 'Assessment Criteria', 'Write code to display addition of two numbers in the alert box'),
(239, 9, 31, 'Assessment Criteria', 'Write a code to display name in alert box'),
(240, 10, 31, 'Assessment Criteria', 'Display form validation box using Java Script'),
(241, 11, 31, 'Assessment Criteria', 'Write a code to display form validation'),
(242, 1, 32, 'Assessment Criteria', 'Check if installed the local host Wamp or XAMPP?'),
(243, 2, 32, 'Assessment Criteria', 'Are the user opens the NetBeans?'),
(244, 3, 32, 'Assessment Criteria', 'Check if active the PHP? (Plugins-PHP-Install)'),
(245, 4, 32, 'Assessment Criteria', 'Are create the new project correctly? (New Project-PHP-Project Name-Finish)'),
(246, 5, 32, 'Assessment Criteria', 'Check if code the web correctly including PHP? (<?PHP>) '),
(247, 6, 32, 'Assessment Criteria', 'Are correctly code the suitable commands? (ex:- echo)'),
(248, 7, 32, 'Assessment Criteria', 'Check if close the all opened tags( ?> / </body> / </HTML>)'),
(249, 8, 32, 'Assessment Criteria', 'If create the database correctly? ( XAMPP-MySql-Admin-Database-Create Table )'),
(250, 9, 32, 'Assessment Criteria', 'Check if correctly create the connection file and connect to the data base?'),
(251, 10, 32, 'Assessment Criteria', 'If can create the data base through PHP coding?'),
(252, 11, 32, 'Assessment Criteria', 'If can read the data from the data base through PHP coding?'),
(253, 12, 32, 'Assessment Criteria', 'If correctly update the data at the data base through PHP coding?'),
(254, 13, 32, 'Assessment Criteria', 'If correctly delete data from the data base through PHP coding?'),
(255, 1, 33, 'Assessment Criteria', 'Open the balsamiq_mokups_3.5.16'),
(256, 2, 33, 'Assessment Criteria', 'Open the balsamic Mockups 3'),
(257, 3, 33, 'Assessment Criteria', 'Open a new balsamic project'),
(258, 4, 33, 'Assessment Criteria', 'Save the project (Save project as- choose the path- open a folder and give a nam'),
(259, 5, 33, 'Assessment Criteria', 'Go to the containers and get the phone model (iPhone, iPad, smartphone)'),
(260, 6, 33, 'Assessment Criteria', 'Go to the button icon and choose a button type (Button bar, Checkbox, Combo box)'),
(261, 7, 33, 'Assessment Criteria', 'Go to the text and put a suitable label style (Icon and label, Menu bar, Line of'),
(262, 8, 33, 'Assessment Criteria', 'Have knowledge to put colors to the background (Containers-rectangle-select the '),
(263, 1, 34, 'Assessment Criteria', 'Create a new project in NetBeans'),
(264, 2, 34, 'Assessment Criteria', 'Select php application and give a name'),
(265, 3, 34, 'Assessment Criteria', 'Finish the creating application and then if automatically create the index.html '),
(266, 4, 34, 'Assessment Criteria', 'Create folders in source file name image, php, plugins, vendor'),
(267, 5, 34, 'Assessment Criteria', 'Create a CSS file name style CSS'),
(268, 6, 34, 'Assessment Criteria', 'Inside the CSSs folder create another two folders name child and master'),
(269, 7, 34, 'Assessment Criteria', 'Copy the bootstrap-3.3.7-dist,font-awesome and jquery-2.2.4.min.js to the vendor'),
(270, 8, 34, 'Assessment Criteria', 'Create another 3 SaaS files inside child CSS folder named common/home and variab'),
(271, 9, 34, 'Assessment Criteria', 'Create a SaaS file named style inside the master CSS folder'),
(272, 10, 34, 'Assessment Criteria', 'Copy all wanted images to the image folder in htdocs'),
(273, 11, 34, 'Assessment Criteria', 'Change the properties using CSS preprocessor (\\scss\\masterscss\\style.Scss)'),
(274, 12, 34, 'Assessment Criteria', 'In index.Html create the device responsive changes inside head section (<meta na'),
(275, 13, 34, 'Assessment Criteria', 'Use <small>tag'),
(276, 14, 34, 'Assessment Criteria', 'Creating nav bar using <nav> tag'),
(277, 15, 34, 'Assessment Criteria', 'Put search and submit button to nav bar'),
(278, 16, 34, 'Assessment Criteria', 'Have knowledge put carousel images'),
(279, 17, 34, 'Assessment Criteria', 'Identify how to put previous and next buttons to carousel'),
(280, 18, 34, 'Assessment Criteria', 'Have knowledge to put alert box \r\n(<div class=\"\"alert alert-success role=\"\"ale'),
(281, 19, 34, 'Assessment Criteria', 'Have knowledge to put responsive images for web page'),
(282, 20, 34, 'Assessment Criteria', 'Identify how to put responsive image circles'),
(283, 21, 34, 'Assessment Criteria', 'Have knowledge how to put a profile area \r\n(<div class=\"\"wide-section text-cente'),
(284, 22, 34, 'Assessment Criteria', 'Have knowledge to put responsive image circle center blocked with custom border'),
(285, 23, 34, 'Assessment Criteria', 'Knowledge about how to put page footers'),
(286, 24, 34, 'Assessment Criteria', 'Knowledge how to maintain the style sheet using various styles (margin, footer, '),
(287, 1, 35, 'Assessment Criteria', 'Install the xampp'),
(288, 2, 35, 'Assessment Criteria', 'Start the apache MySQL servers'),
(289, 3, 35, 'Assessment Criteria', 'Check the installation of xampp \r\n(Open browser --> type \"\"localhost\"\" at browse'),
(290, 4, 35, 'Assessment Criteria', 'Create a file in htdocs including the pictures details which need for creating w'),
(291, 5, 35, 'Assessment Criteria', 'Start the web browser and visit \"http://localhost/colombo\"'),
(292, 6, 35, 'Assessment Criteria', 'Create the joomla account (email, user name, password , site name and the descri'),
(293, 7, 35, 'Assessment Criteria', 'Fill the database details (\'user name: root\',\'db name: Colombo\')'),
(294, 8, 35, 'Assessment Criteria', 'Install the Joomla\r\n(click/install button/Joomla is now \"\"congratulation install'),
(295, 9, 35, 'Assessment Criteria', 'User name and password to logging fo Joomla'),
(296, 10, 35, 'Assessment Criteria', 'Select global configuration (system/pull-down menu)'),
(297, 11, 35, 'Assessment Criteria', 'Change the \"Session lifetime\" in system page we entered'),
(298, 12, 35, 'Assessment Criteria', 'Give the save and close'),
(299, 13, 35, 'Assessment Criteria', 'Get a new article (content/articles/new/title/give featured as yes/save and clos'),
(300, 14, 35, 'Assessment Criteria', 'Categories and create the web page\r\n(content/categories/add new/title/save and c'),
(301, 15, 35, 'Assessment Criteria', 'Insert image (content/media/create new folder/give a name/create folder/ content'),
(302, 1, 36, 'Assessment Criteria', 'Enter the 000.webhost.com and select the sign-up button for create new 000.webho'),
(303, 2, 36, 'Assessment Criteria', 'Enter the email and password and Sign up the 000.webhost.com'),
(304, 3, 36, 'Assessment Criteria', 'Select get started button and get started create your website'),
(305, 4, 36, 'Assessment Criteria', 'Next enter the email and password and sign up'),
(306, 5, 36, 'Assessment Criteria', 'Start uploading  your existing  web site'),
(307, 6, 36, 'Assessment Criteria', 'Then select the temp. icon'),
(308, 7, 36, 'Assessment Criteria', 'Select  your website file and that file convert to zip file'),
(309, 8, 36, 'Assessment Criteria', 'After convert to the zip file this shows as follows'),
(310, 9, 36, 'Assessment Criteria', 'Again, select the tmp.icon'),
(311, 10, 36, 'Assessment Criteria', 'Select the zip  file and upload'),
(312, 11, 36, 'Assessment Criteria', 'Select the folder name'),
(313, 12, 36, 'Assessment Criteria', 'Extract the selected folder'),
(314, 13, 36, 'Assessment Criteria', 'Open the extracted folder and select all folders inside it'),
(315, 14, 36, 'Assessment Criteria', 'Move the selected files to public html'),
(316, 15, 36, 'Assessment Criteria', 'Select the moved path'),
(317, 16, 36, 'Assessment Criteria', 'Last go to the web site and click the hyperlink'),
(318, 17, 36, 'Assessment Criteria', 'Show your hosted web site'),
(319, 18, 36, 'Assessment Criteria', 'Go to the website manager and click the manage website'),
(320, 19, 36, 'Assessment Criteria', 'Select the tools icon'),
(321, 20, 36, 'Assessment Criteria', 'Select the database manager and click the new database button'),
(322, 21, 36, 'Assessment Criteria', 'Enter the database name, database  username and password and create the new data'),
(323, 22, 36, 'Assessment Criteria', 'Create the database'),
(324, 1, 37, 'Assessment Criteria', 'Lists the stages of mobile application development concept'),
(325, 2, 37, 'Assessment Criteria', 'Sort the stages according to the mobile application development life cycle'),
(326, 3, 37, 'Assessment Criteria', 'Prepare presentation to decribe features of mobile application development conce'),
(327, 1, 38, 'Assessment Criteria', 'Gather Customer requirement For the Application from the customer (By discussing'),
(328, 2, 38, 'Assessment Criteria', 'Create PRD Document (Product Requirements Document) According to the Customer Re'),
(329, 3, 38, 'Assessment Criteria', 'Create Prototype of the Application Using UI/UX Skills (Using balsamic Mockup To'),
(330, 1, 39, 'Assessment Criteria', 'Open Android Studio and create a new project with empty activity (Practical 01 -'),
(331, 2, 39, 'Assessment Criteria', 'Design an Interface in Activity XML file. (using design mode or text mode)\r\n* Gi'),
(332, 3, 39, 'Assessment Criteria', 'Programme (code) the activity java file exit in app ---> java ---> <com.example.'),
(333, 4, 39, 'Assessment Criteria', 'Run the application on a smart device or in android emulator.\r\n* Add emulator fr'),
(334, 1, 40, 'Assessment Criteria', 'Open Android Studio'),
(335, 2, 40, 'Assessment Criteria', 'Create new android project'),
(336, 3, 40, 'Assessment Criteria', 'Design suitable interface in activity xml file for pass and retrieve data from d'),
(337, 4, 40, 'Assessment Criteria', 'Create new extra JAVA file in project Java file directory. \r\n(Ex: SQLiteDB. This'),
(338, 5, 40, 'Assessment Criteria', 'Extends the newly Created DB class with SQLiteOpenHelper Class (import it from'),
(339, 6, 40, 'Assessment Criteria', 'Create Methods for Every CRUD Functionality by using Correct SQLIte Syntax.'),
(340, 7, 40, 'Assessment Criteria', 'Import the DB class at the Activity Java Class'),
(341, 8, 40, 'Assessment Criteria', 'Call the created CRUD (Create/ Read/ Delete/ Update) methods of DB class at Acti'),
(342, 9, 40, 'Assessment Criteria', 'Pass the input Data to db as values  using parameter passing in methods argument'),
(343, 10, 40, 'Assessment Criteria', 'Assign return values of getData methods to variables and show it on activity (in'),
(344, 1, 41, 'With Android Device', 'Open Android Studio Project'),
(345, 2, 41, 'With Android Device', 'Connect Your Device To PC'),
(346, 3, 41, 'With Android Device', 'Click RUN icon button to get the list of devices .\r\n(In new Version of Android S'),
(347, 4, 41, 'With Android Device', 'Connect the device to pc if disconnected if device requesting a permission to a '),
(348, 5, 41, 'With Android Device', 'Device will visible in android studio device list, select and run it    '),
(349, 6, 41, 'With android emulator AVD', 'Open a project and go to the AVD manager in android studio.'),
(350, 7, 41, 'With android emulator AVD', 'If you dont have any emulator listed in AVD manager, you have to download one.'),
(351, 8, 41, 'With android emulator AVD', 'Click run button on your android studio and select a AVD device and click run.  '),
(352, 9, 41, 'With android emulator AVD', 'Now application will build and run on the device if no any error and the process'),
(353, 10, 41, 'With android emulator AVD', 'Application will launch in the device after the build and processing.'),
(354, 11, 41, 'Package app in to APK and run it on a device', 'Open a project.'),
(355, 12, 41, 'Package app in to APK and run it on a device', 'Go to build menu and click build APK(s).'),
(356, 13, 41, 'Package app in to APK and run it on a device', 'APK will create in your project directory after the successful build.\r\nDirectory'),
(357, 14, 41, 'Package app in to APK and run it on a device', 'Go to the directory of APK (you can easily go to the directory by clicking locat'),
(358, 15, 41, 'Package app in to APK and run it on a device', 'Send your APK file into an android device with any method (via bluetooth, email,'),
(359, 16, 41, 'Package app in to APK and run it on a device', 'Install the received APK file in your smart device.'),
(360, 1, 42, 'Assessment Criteria ', 'Open Android Studio'),
(361, 2, 42, 'Assessment Criteria ', 'Open an existing Android Studio project from the welcome screen or File'),
(362, 3, 42, 'Assessment Criteria ', 'Create a Facebook App ID on Developers Portal & Setting Up'),
(363, 4, 42, 'Assessment Criteria ', 'Build your android project'),
(364, 5, 42, 'Assessment Criteria ', 'Open up strings. xml in the app/res/values folder, and paste the following after'),
(365, 6, 42, 'Assessment Criteria ', 'Open AndroidManifest. xml and add the permission for accessing the Internet:\r\n**'),
(366, 7, 42, 'Assessment Criteria ', 'Log in With Facebook'),
(367, 8, 42, 'Assessment Criteria ', 'User Profile from the Graph API \r\n*Contain the helper methods to connect to the '),
(368, 9, 42, 'Assessment Criteria ', 'Run the app then tap on Continue with Facebook'),
(369, 1, 43, 'Assessment Criteria ', 'Firstgenerate signed APK of your Android Appto publish it on Play Store. \r\n'),
(370, 2, 43, 'Assessment Criteria ', 'Now you will need to sign up for Google Play Console to publish and manage your '),
(371, 3, 43, 'Assessment Criteria ', 'Login with your Gmail account that you want to use for publishing App on Play St'),
(372, 4, 43, 'Assessment Criteria ', 'Now there are 4 steps to complete the registration for Google play store console'),
(373, 5, 43, 'Assessment Criteria ', 'After reading the Google play store developer distribution agreement agree to th'),
(374, 6, 43, 'Assessment Criteria ', 'Now you will need to pay one time Developer Registration Fee of $25 to Google.'),
(375, 7, 43, 'Assessment Criteria ', 'Complete your account details for Google developer account. '),
(376, 8, 43, 'Assessment Criteria ', 'Now click on Create Application'),
(377, 9, 43, 'Assessment Criteria ', 'Enter the name of your App.'),
(378, 10, 43, 'Assessment Criteria ', 'Now fill store listing details of your App which include Title, Short descriptio'),
(379, 11, 43, 'Assessment Criteria ', 'After this you need to put some App screenshots here. The minimum required are 2'),
(380, 12, 43, 'Assessment Criteria ', 'After screenshot now you need to put a highResolution icon or logo with a size '),
(381, 13, 43, 'Assessment Criteria ', 'Now scroll down and fill other details which include application type, category,'),
(382, 14, 42, 'Assessment Criteria ', 'After saving data on draft now go toapp releaseand click onmanage production.'),
(383, 15, 43, 'Assessment Criteria ', 'Now you will see create release now click on it.'),
(384, 16, 43, 'Assessment Criteria ', 'After click on create release you will see browse files click on it and upload y'),
(385, 17, 43, 'Assessment Criteria ', 'Once the upload is successful then scroll down and click on review to check.'),
(386, 18, 43, 'Assessment Criteria ', 'Now go to Content Rating and click on continue.'),
(387, 19, 43, 'Assessment Criteria ', 'Fill details which include email address and select your categories.'),
(388, 20, 43, 'Assessment Criteria ', 'Now select Violence, Sexuality, Language, Controlled Substance and Miscellaneous'),
(389, 21, 43, 'Assessment Criteria ', 'Now click on apply rating.'),
(390, 22, 43, 'Assessment Criteria ', 'Click on pricing and distribution and select free/paid based on how you want use'),
(391, 23, 43, 'Assessment Criteria ', 'Now scroll down and see mandatory things with * you need to select After this cl'),
(392, 24, 43, 'Assessment Criteria ', 'Now Click on ready on publish along with save draft and click on Manage release.'),
(393, 25, 43, 'Assessment Criteria ', 'Click on Manage Production.'),
(394, 26, 43, 'Assessment Criteria ', 'After Manage production click on edit release.'),
(395, 27, 43, 'Assessment Criteria ', 'Now click on review.'),
(396, 28, 43, 'Assessment Criteria ', 'After review click on Start Rollout to production. Now you need to confirm. Afte'),
(397, 1, 51, 'Assessment Criteria ', 'Discuss and gather the ideas of the team members.'),
(398, 2, 51, 'Assessment Criteria ', 'Script a role play or drama'),
(399, 3, 51, 'Assessment Criteria ', 'Perform the Role play/drama successfully in front of the class'),
(400, 1, 52, 'Assessment Criteria ', 'Able to read and understand technical terms in IT.'),
(401, 2, 52, 'Assessment Criteria ', 'Use the technical terms in writing the projects'),
(402, 3, 52, 'Assessment Criteria ', 'Maintain and enhance the knowledge of vocabulary relate to IT'),
(403, 1, 53, 'Assessment Criteria ', 'Gain the skill of reading any instruction or information.'),
(404, 2, 53, 'Assessment Criteria ', 'Correctly interpret technical phrases and understand the processes.'),
(405, 3, 53, 'Assessment Criteria ', 'Analyze and follow the guideline correctly'),
(406, 1, 54, 'Assessment Criteria ', 'Convert binary to decimal, octal and hexadecimal numbers'),
(407, 2, 54, 'Assessment Criteria ', 'Convert decimal to binary, octal and hexadecimal numbers'),
(408, 3, 54, 'Assessment Criteria ', 'Convert octal to binary, decimal and hexadecimal numbers'),
(409, 4, 54, 'Assessment Criteria ', 'Convert hexadecimal to binary, decima and octal numbers'),
(410, 1, 55, 'Assessment Criteria ', 'Identify all logic gates and explain their outputs'),
(411, 2, 55, 'Assessment Criteria ', 'Solve logic gate questions'),
(412, 3, 55, 'Assessment Criteria ', 'Create logical circuits for logical systems using logic operators.'),
(413, 1, 56, 'Assessment Criteria ', 'List all formulas for calculate area, volume and parameters for all geometric sh'),
(414, 2, 56, 'Assessment Criteria ', 'Identify all geometric shapes.'),
(415, 3, 56, 'Assessment Criteria ', 'Calculate area, volume and parameters of given shapes and objects.'),
(416, 1, 57, 'Assessment Criteria ', 'Identify the difference between codes and symbols'),
(417, 2, 57, 'Assessment Criteria ', 'Identify different types of codes and symbols (eg : mathematical/ computer progr'),
(418, 3, 57, 'Assessment Criteria ', 'Create simple presentation to display all computer symbols and codes.'),
(419, 1, 58, 'Assessment Criteria ', 'Aware about the importance of personal protection at  a workshop.'),
(420, 2, 58, 'Assessment Criteria ', 'Identify the hazards that that require PPE'),
(421, 3, 58, 'Assessment Criteria ', 'Able to correctly use the PPE at the right time'),
(422, 1, 59, 'Assessment Criteria ', 'Implement a hygiene policy'),
(423, 2, 59, 'Assessment Criteria ', 'Adhere to the concept of 5S '),
(424, 3, 59, 'Assessment Criteria ', 'Maintain a cleaning chart and follow it.'),
(425, 1, 60, 'Assessment Criteria ', 'Identify the needs of first aids'),
(426, 2, 60, 'Assessment Criteria ', 'Use appropriate first aid procedures and techniques'),
(427, 3, 60, 'Assessment Criteria ', 'Understand the importance  of fire safety'),
(428, 4, 60, 'Assessment Criteria ', 'Identify fire extinguishers types.'),
(429, 5, 60, 'Assessment Criteria ', 'Able to handle the fire extinguishers correctly.'),
(430, 6, 60, 'Assessment Criteria ', 'Use correct fire safety tips in IT lab environment'),
(431, 1, 61, 'Assessment Criteria ', 'Abale to handle the fire extinguishers safely'),
(432, 2, 61, 'Assessment Criteria ', 'Prepare and follow up the  check list for periodic testing of workshop equipment'),
(433, 3, 61, 'Assessment Criteria ', 'Identify and apply energy saving tips'),
(434, 1, 62, 'Assessment Criteria ', 'Understand the concept of team work and its purpose'),
(435, 2, 62, 'Assessment Criteria ', 'Identify the team members role and relationship'),
(436, 3, 62, 'Assessment Criteria ', 'Prepare presentation to express roles and responsibilities of a team member.'),
(437, 1, 63, 'Assessment Criteria ', 'Make the right decision at the right time'),
(438, 2, 63, 'Assessment Criteria ', 'Encourage creativity by keeping lines of communication'),
(439, 3, 63, 'Assessment Criteria ', 'Pay attention to the team members.'),
(440, 4, 63, 'Assessment Criteria ', 'Address potential issues before they become problems.'),
(441, 1, 64, 'Assessment Criteria ', 'Identify the types of waste and sort them.'),
(442, 2, 64, 'Assessment Criteria ', 'Aware of   the environment and use suitable cleaning methods.'),
(443, 3, 64, 'Assessment Criteria ', 'Give individual tasks for team and assign team members.'),
(444, 4, 64, 'Assessment Criteria ', 'Give the feedback of group effort.'),
(445, 1, 65, 'Assessment Criteria ', 'Arrange social events.'),
(446, 2, 65, 'Assessment Criteria ', 'Arrange sport activities'),
(447, 3, 65, 'Assessment Criteria ', 'Give the feedback on group effort');

-- --------------------------------------------------------

--
-- Table structure for table `student`
--

CREATE TABLE `student` (
  `id` int(11) NOT NULL,
  `nic` varchar(12) NOT NULL,
  `initials` varchar(50) NOT NULL,
  `first_name` varchar(60) NOT NULL,
  `last_name` varchar(60) DEFAULT NULL,
  `gender` enum('MALE','FEMALE') DEFAULT NULL,
  `dob` date DEFAULT NULL,
  `email` varchar(100) DEFAULT NULL,
  `address` varchar(200) NOT NULL,
  `mobile_no` varchar(10) DEFAULT NULL,
  `whatsapp_no` varchar(10) DEFAULT NULL,
  `landline_no` varchar(10) DEFAULT NULL,
  `guardian` varchar(50) DEFAULT NULL,
  `guardian_tpno` varchar(10) DEFAULT NULL,
  `district` varchar(20) DEFAULT NULL,
  `divisional_secretariant` varchar(30) DEFAULT NULL,
  `grama_sewa_division` varchar(30) DEFAULT NULL
) ENGINE=InnoDB DEFAULT CHARSET=utf8mb4;

--
-- Dumping data for table `student`
--

INSERT INTO `student` (`id`, `nic`, `initials`, `first_name`, `last_name`, `gender`, `dob`, `email`, `address`, `mobile_no`, `whatsapp_no`, `landline_no`, `guardian`, `guardian_tpno`, `district`, `divisional_secretariant`, `grama_sewa_division`) VALUES
(1, '20013490247', 'ULYP', 'Someone', 'Ranganath', 'MALE', '2003-01-01', NULL, 'Some Address', '0702505252', '0702505252', '0342505252', 'Some Guardian', '0724202680', NULL, NULL, NULL),
(2, '20017170070', 'TGS', 'Someone', 'Udari', 'MALE', '2003-01-01', NULL, 'Some Address', '0702505252', '0702505252', '0342505252', 'Some Guardian', '0724202680', NULL, NULL, NULL),
(3, '20021150134', 'SDPC', 'Someone', 'Fernando', 'MALE', '2003-01-01', NULL, 'Some Address', '0702505252', '0702505252', '0342505252', 'Some Guardian', '0724202680', NULL, NULL, NULL),
(4, '200325213392', 'DRY', 'Dushmantha', 'Ranaweera', 'MALE', '2003-01-01', '', 'Some Address', '0702505252', '0702505252', '0342505252', 'Some guardian', '0701602080', NULL, NULL, NULL),
(5, '980203557V', 'PDRP', 'Someone', 'Pathirana', 'MALE', '2003-01-01', NULL, 'Some Address', '0702505252', '0702505252', '0342505252', 'Some Guardian', '0724202680', NULL, NULL, NULL),
(6, '20012810350', 'SM', 'Someone', 'Susantha', 'MALE', '2003-01-01', NULL, 'Some Address', '0702505252', '0702505252', '0342505252', 'Some Guardian', '0724202680', NULL, NULL, NULL),
(7, '20020440050', 'YV', 'Someone', 'Sarathchandra', 'MALE', '2003-01-01', NULL, 'Some Address', '0702505252', '0702505252', '0342505252', 'Some Guardian', '0724202680', NULL, NULL, NULL),
(8, '971451807V', 'PR', 'Someone', 'Grigson', 'MALE', '2003-01-01', NULL, 'Some Address', '0702505252', '0702505252', '0342505252', 'Some Guardian', '0724202680', NULL, NULL, NULL),
(9, '20012570460', 'SRTS', 'Someone', 'Kumara', 'MALE', '2003-01-01', NULL, 'Some Address', '0702505252', '0702505252', '0342505252', 'Some Guardian', '0724202680', NULL, NULL, NULL),
(10, '20022090068', 'HDSP', 'Someone', 'Fernando', 'MALE', '2003-01-01', NULL, 'Some Address', '0702505252', '0702505252', '0342505252', 'Some Guardian', '0724202680', NULL, NULL, NULL),
(11, '20023520079', 'TGI', 'Someone', 'Madushan', 'MALE', '2003-01-01', NULL, 'Some Address', '0702505252', '0702505252', '0342505252', 'Some Guardian', '0724202680', NULL, NULL, NULL),
(12, '20012380025', 'YDTP', 'Someone', 'Premarathne', 'MALE', '2003-01-01', NULL, 'Some Address', '0702505252', '0702505252', '0342505252', 'Some Guardian', '0724202680', NULL, NULL, NULL),
(13, '20020290234', 'KGP', 'Someone', 'Kavishka', 'MALE', '2003-01-01', NULL, 'Some Address', '0702505252', '0702505252', '0342505252', 'Some Guardian', '0724202680', NULL, NULL, NULL),
(14, '20017920087', 'HMDYH', 'Someone', 'Mallikachchige', 'MALE', '2003-01-01', NULL, 'Some Address', '0702505252', '0702505252', '0342505252', 'Some Guardian', '0724202680', NULL, NULL, NULL),
(15, '19982720052', 'FHTN', 'Someone', 'Silva', 'MALE', '2003-01-01', NULL, 'Some Address', '0702505252', '0702505252', '0342505252', 'Some Guardian', '0724202680', NULL, NULL, NULL),
(16, '20026490042', 'ALK', 'Someone', 'Madubashini', 'MALE', '2003-01-01', NULL, 'Some Address', '0702505252', '0702505252', '0342505252', 'Some Guardian', '0724202680', NULL, NULL, NULL),
(17, '19993221248', 'MH', 'Someone', 'Nawamina', 'MALE', '2003-01-01', NULL, 'Some Address', '0702505252', '0702505252', '0342505252', 'Some Guardian', '0724202680', NULL, NULL, NULL),
(18, '20025150060', 'MAIT', 'Someone', 'Perera', 'MALE', '2003-01-01', NULL, 'Some Address', '0702505252', '0702505252', '0342505252', 'Some Guardian', '0724202680', NULL, NULL, NULL),
(19, '20013320335', 'DWT', 'Someone', 'Chinthaka', 'MALE', '2003-01-01', NULL, 'Some Address', '0702505252', '0702505252', '0342505252', 'Some Guardian', '0724202680', NULL, NULL, NULL),
(20, '20010790239', 'SR', 'Someone', 'Lakshan', 'MALE', '2003-01-01', NULL, 'Some Address', '0702505252', '0702505252', '0342505252', 'Some Guardian', '0724202680', NULL, NULL, NULL),
(21, '20012460029', 'PLA', 'Someone', 'Janaka', 'MALE', '2003-01-01', NULL, 'Some Address', '0702505252', '0702505252', '0342505252', 'Some Guardian', '0724202680', NULL, NULL, NULL),
(22, '20002040098', 'J D P', 'Someone', 'De Silva', 'MALE', '2003-01-01', NULL, 'Some Address', '0702505252', '0702505252', '0342505252', 'Some Guardian', '0724202680', NULL, NULL, NULL),
(23, '20033121382', 'K A K S', 'Someone', 'Kaluarachchi ', 'MALE', '2003-01-01', NULL, 'Some Address', '0702505252', '0702505252', '0342505252', 'Some Guardian', '0724202680', NULL, NULL, NULL),
(24, '20021340120', 'P S N', 'Someone', 'Fernando', 'MALE', '2003-01-01', NULL, 'Some Address', '0702505252', '0702505252', '0342505252', 'Some Guardian', '0724202680', NULL, NULL, NULL),
(25, '20033631175', 'K K D H S', 'Someone', 'Somarathna', 'MALE', '2003-01-01', NULL, 'Some Address', '0702505252', '0702505252', '0342505252', 'Some Guardian', '0724202680', NULL, NULL, NULL),
(26, '20033561163', 'L T H', 'Someone', 'Wijethunga', 'MALE', '2003-01-01', NULL, 'Some Address', '0702505252', '0702505252', '0342505252', 'Some Guardian', '0724202680', NULL, NULL, NULL),
(27, '20035010282', 'T I K', 'Someone', 'Vithanage', 'MALE', '2003-01-01', NULL, 'Some Address', '0702505252', '0702505252', '0342505252', 'Some Guardian', '0724202680', NULL, NULL, NULL),
(28, '20032411226', 'M K', 'Someone', 'Gimhana', 'MALE', '2003-01-01', NULL, 'Some Address', '0702505252', '0702505252', '0342505252', 'Some Guardian', '0724202680', NULL, NULL, NULL),
(29, '20022420033', 'T D V L', 'Someone', 'Deemantha', 'MALE', '2003-01-01', NULL, 'Some Address', '0702505252', '0702505252', '0342505252', 'Some Guardian', '0724202680', NULL, NULL, NULL),
(30, '20027340153', 'J A T', 'Someone', 'Silva', 'MALE', '2003-01-01', NULL, 'Some Address', '0702505252', '0702505252', '0342505252', 'Some Guardian', '0724202680', NULL, NULL, NULL),
(31, '20033481197', 'D D R', 'Someone', 'Heshan', 'MALE', '2003-01-01', NULL, 'Some Address', '0702505252', '0702505252', '0342505252', 'Some Guardian', '0724202680', NULL, NULL, NULL),
(32, '20031491016', 'K U D C', 'Someone', 'Wickramasinghe', 'MALE', '2003-01-01', NULL, 'Some Address', '0702505252', '0702505252', '0342505252', 'Some Guardian', '0724202680', NULL, NULL, NULL),
(33, '20031651297', 'A D I', 'Someone', 'Sankalpa  Silva', 'MALE', '2003-01-01', NULL, 'Some Address', '0702505252', '0702505252', '0342505252', 'Some Guardian', '0724202680', NULL, NULL, NULL),
(34, '20030351121', 'D D T S', 'Someone', 'Kavindha', 'MALE', '2003-01-01', NULL, 'Some Address', '0702505252', '0702505252', '0342505252', 'Some Guardian', '0724202680', NULL, NULL, NULL),
(35, '20031091208', 'L M T', 'Someone', 'Oshan De Mel', 'MALE', '2003-01-01', NULL, 'Some Address', '0702505252', '0702505252', '0342505252', 'Some Guardian', '0724202680', NULL, NULL, NULL),
(36, '20036201215', 'R K A D K', 'Someone', 'Rathnayaka', 'MALE', '2003-01-01', NULL, 'Some Address', '0702505252', '0702505252', '0342505252', 'Some Guardian', '0724202680', NULL, NULL, NULL),
(37, '20025860061', 'P N M', 'Someone', 'Kavindya', 'MALE', '2003-01-01', NULL, 'Some Address', '0702505252', '0702505252', '0342505252', 'Some Guardian', '0724202680', NULL, NULL, NULL),
(38, '20035060153', 'R S ', 'Someone', 'Thathsarani', 'MALE', '2003-01-01', NULL, 'Some Address', '0702505252', '0702505252', '0342505252', 'Some Guardian', '0724202680', NULL, NULL, NULL),
(39, '20035190034', 'D S', 'Someone', 'Dilshari', 'MALE', '2003-01-01', NULL, 'Some Address', '0702505252', '0702505252', '0342505252', 'Some Guardian', '0724202680', NULL, NULL, NULL),
(40, '20033101227', 'D G N D', 'Someone', 'Develigoda', 'MALE', '2003-01-01', NULL, 'Some Address', '0702505252', '0702505252', '0342505252', 'Some Guardian', '0724202680', NULL, NULL, NULL),
(41, '20032571083', 'W P', 'Someone', 'Promodya', 'MALE', '2003-01-01', NULL, 'Some Address', '0702505252', '0702505252', '0342505252', 'Some Guardian', '0724202680', NULL, NULL, NULL),
(42, '20021810317', 'R P G', 'Someone', 'Rajasinghe', 'MALE', '2003-01-01', NULL, 'Some Address', '0702505252', '0702505252', '0342505252', 'Some Guardian', '0724202680', NULL, NULL, NULL);

-- --------------------------------------------------------

--
-- Table structure for table `student_module`
--

CREATE TABLE `student_module` (
  `id` int(11) NOT NULL,
  `student_id` int(11) NOT NULL,
  `module_id` int(11) NOT NULL,
  `competence` enum('C','NYC') NOT NULL,
  `completed_date` date DEFAULT current_timestamp()
) ENGINE=InnoDB DEFAULT CHARSET=utf8mb4;

-- --------------------------------------------------------

--
-- Table structure for table `student_step`
--

CREATE TABLE `student_step` (
  `id` int(11) NOT NULL,
  `student_id` int(11) NOT NULL,
  `step_id` int(11) NOT NULL,
  `status` enum('COMPLETE','NOTCOMPLETE') NOT NULL DEFAULT 'COMPLETE',
  `completed_date` date DEFAULT current_timestamp()
) ENGINE=InnoDB DEFAULT CHARSET=utf8mb4;

--
-- Dumping data for table `student_step`
--

INSERT INTO `student_step` (`id`, `student_id`, `step_id`, `status`, `completed_date`) VALUES
(2, 1, 1, 'COMPLETE', '2024-02-13'),
(5, 2, 1, 'COMPLETE', '2024-02-08'),
(7, 4, 4, 'COMPLETE', '2024-02-13'),
(8, 4, 6, 'COMPLETE', '2024-02-13'),
(9, 5, 15, 'COMPLETE', '2024-02-13'),
(10, 5, 16, 'COMPLETE', '2024-02-13'),
(13, 1, 3, 'COMPLETE', '2024-02-13'),
(15, 1, 2, 'COMPLETE', '2024-02-13'),
(24, 1, 4, 'COMPLETE', '2024-02-17'),
(25, 1, 5, 'COMPLETE', '2024-02-17'),
(26, 1, 6, 'COMPLETE', '2024-02-17'),
(27, 1, 7, 'COMPLETE', '2024-02-17'),
(33, 3, 1, 'COMPLETE', '2024-03-12'),
(35, 3, 2, 'COMPLETE', '2024-03-12'),
(36, 22, 4, 'COMPLETE', '2024-03-12'),
(38, 22, 5, 'COMPLETE', '2024-03-12');

-- --------------------------------------------------------

--
-- Table structure for table `student_task`
--

CREATE TABLE `student_task` (
  `id` int(11) NOT NULL,
  `student_id` int(11) NOT NULL,
  `task_id` int(11) NOT NULL,
  `competence` enum('C','NYC') NOT NULL,
  `completed_date` date DEFAULT current_timestamp()
) ENGINE=InnoDB DEFAULT CHARSET=utf8mb4;

--
-- Dumping data for table `student_task`
--

INSERT INTO `student_task` (`id`, `student_id`, `task_id`, `competence`, `completed_date`) VALUES
(3, 1, 3, 'C', '2024-02-13'),
(4, 1, 4, 'C', '2024-02-13'),
(5, 1, 5, 'C', '2024-02-13'),
(9, 1, 1, 'C', '2024-02-13'),
(10, 1, 6, 'C', '2024-02-17'),
(14, 1, 2, 'C', '2024-02-17'),
(19, 2, 1, 'NYC', '2024-02-08'),
(20, 3, 1, 'NYC', '2024-03-12'),
(21, 22, 2, 'NYC', '2024-03-12'),
(22, 23, 2, 'NYC', '0000-00-00');

-- --------------------------------------------------------

--
-- Table structure for table `task`
--

CREATE TABLE `task` (
  `task_id` int(11) NOT NULL,
  `task_no` char(5) NOT NULL,
  `module_id` int(11) NOT NULL,
  `task_name` varchar(60) NOT NULL,
  `no_of_steps` int(11) NOT NULL
) ENGINE=InnoDB DEFAULT CHARSET=utf8mb4;

--
-- Dumping data for table `task`
--

INSERT INTO `task` (`task_id`, `task_no`, `module_id`, `task_name`, `no_of_steps`) VALUES
(1, 'A1', 1, 'Present how to identify different business environments', 3),
(2, 'A2', 1, 'Present how to identify the role of the software developer i', 4),
(3, 'A3', 1, 'Describe present and future trends in software development i', 3),
(4, 'A4', 1, 'Describe software development process and methodologies', 6),
(5, 'A5', 1, 'Describe coding standards', 3),
(6, 'A6', 1, 'Describe basic principals of software project management', 4),
(7, 'B1', 2, 'Describe user requirement gathering methodology', 6),
(8, 'B2', 2, 'Use software system design methodologies ', 6),
(9, 'B3', 2, 'Draw software design structured diagrams (Flowchart, Pseudoc', 15),
(10, 'B4', 2, 'Draw software designing object-oriented diagrams(Use case, A', 7),
(11, 'B5', 2, 'Prepare software requirement document', 3),
(12, 'B6', 2, 'Prepare prototype/storyboard for a given case study/scenario', 5),
(13, 'C1', 3, 'Describe available database management systems (commercial D', 3),
(14, 'C2', 3, 'Describe different database types', 3),
(15, 'C3', 3, 'Develop Entity Relationship (ER) Diagrams ', 8),
(16, 'C4', 3, 'Converting ER to the database(Mapping Algorithm)', 8),
(17, 'C5', 3, 'Apply Normalization', 3),
(18, 'C6', 3, 'Data manipulation using MYSQL (create, insert, update, delet', 8),
(19, 'D1', 4, 'Install appropriate software for the system (JAVA)', 5),
(20, 'D2', 4, 'Develop programming code using command prompt', 19),
(21, 'D3', 4, 'Develop programs using functions and methods in command prom', 19),
(22, 'D4', 4, 'Develop programming code using IDE (NetBeans) with using con', 22),
(23, 'D5', 4, 'Develop programming code using IDE (NetBeans) with using pro', 12),
(24, 'D6', 4, 'Develop user Interfaces (GUI)', 4),
(25, 'D7', 4, 'Develop code for connect database with interface (ODBC/JDBC)', 9),
(26, 'D8', 4, 'Deploy Software Package', 6),
(27, 'D9', 4, 'Develop a user guide for developed system', 9),
(28, 'E1', 5, 'Create static web pages using HTML', 8),
(29, 'E2', 5, 'Create graphics for web (Photoshop)', 17),
(30, 'E3', 5, 'Create static web pages using including style sheet (CSS)', 6),
(31, 'E4', 5, 'Create dynamic web pages using JavaScript', 11),
(32, 'E5', 5, 'Create dynamic web pages connecting database using PHP', 13),
(33, 'E6', 5, 'Prepare prototype', 8),
(34, 'E7', 5, 'Develop responsive web application (using Bootstrap)', 24),
(35, 'E8', 5, 'Customize the web page using content Management system(CMS)', 15),
(36, 'E9', 5, 'Deploy web application (Hosting)', 22),
(37, 'F1', 6, 'Prepare presentation to describe mobile application developm', 3),
(38, 'F2', 6, 'Map mobile application to customer requirements', 3),
(39, 'F3', 6, 'Develop basic mobile application', 4),
(40, 'F4', 6, 'Embed a database with mobile application', 10),
(41, 'F5', 6, 'Package and Test mobile application using mobile devices/emu', 16),
(42, 'F6', 6, 'Integrate mobile application with social media', 9),
(43, 'F7', 6, 'Publish a mobile application an app store', 28),
(44, 'G1', 7, 'Describe test need', 1),
(45, 'G2', 7, 'Describe software testing methodology', 1),
(46, 'G3', 7, 'Describe software testing levels', 1),
(47, 'G4', 7, 'Prepare test plan', 1),
(48, 'G5', 7, 'Create test cases', 1),
(49, 'G6', 7, 'Perform software quality assurance test using appropriate so', 1),
(50, 'G7', 7, 'Prepare quality assuarance test report for above case study/', 1),
(51, 'H1', 8, 'Prepare Role play /drama for communicate ideas and informati', 3),
(52, 'H2', 8, 'Prepare a list of 250-300 technical vocational terms in Engl', 3),
(53, 'H3', 8, 'Prepare a file and interpret the information from collecting', 3),
(54, 'J1', 9, 'Calculate and convert decimal, binary, hexadecimal and octal', 4),
(55, 'J2', 9, 'Computation with computer mathematics', 3),
(56, 'J3', 9, 'Computation of basic geometry', 3),
(57, 'J4', 9, 'Codes and Symbols', 3),
(58, 'K1', 10, 'Use of Personal Protective Equipment (PPE)', 3),
(59, 'K2', 10, 'Maintenance and cleanliness of workshop', 3),
(60, 'K3', 10, 'Demonstration on First aid, fire extinguishers and fire safe', 6),
(61, 'K4', 10, 'Demonstration on safe handling and periodic testing of lifti', 3),
(62, 'L1', 11, 'Prepare presentation to identify and establish team purpose,', 3),
(63, 'L2', 11, 'Coach and motivate team ', 4),
(64, 'L3', 11, 'From a group cleaning, machine maintenance, waste management', 4),
(65, 'L4', 11, 'Arrange sports activities/ social events	', 3);

-- --------------------------------------------------------

--
-- Table structure for table `theory_assessment`
--

CREATE TABLE `theory_assessment` (
  `id` int(11) NOT NULL,
  `student_id` int(11) NOT NULL,
  `module_id` int(11) NOT NULL,
  `task_id` int(11) DEFAULT NULL,
  `marks` int(11) NOT NULL,
  `date` date NOT NULL DEFAULT current_timestamp()
) ENGINE=InnoDB DEFAULT CHARSET=utf8mb4;

--
-- Dumping data for table `theory_assessment`
--

INSERT INTO `theory_assessment` (`id`, `student_id`, `module_id`, `task_id`, `marks`, `date`) VALUES
(1, 22, 1, NULL, 95, '2024-02-22'),
(2, 23, 1, NULL, 72, '2024-02-22'),
(3, 24, 1, NULL, 78, '2024-02-22'),
(4, 25, 1, NULL, 89, '2024-02-22'),
(5, 26, 1, NULL, 82, '2024-02-22'),
(6, 27, 1, NULL, 75, '2024-02-22'),
(7, 28, 1, NULL, 82, '2024-02-22'),
(8, 29, 1, NULL, 92, '2024-02-22'),
(9, 30, 1, NULL, 72, '2024-02-22'),
(10, 31, 1, NULL, 70, '2024-02-22'),
(11, 32, 1, NULL, 84, '2024-02-22'),
(12, 33, 1, NULL, 89, '2024-02-22'),
(13, 34, 1, NULL, 92, '2024-02-22'),
(14, 35, 1, NULL, 78, '2024-02-22'),
(15, 36, 1, NULL, 75, '2024-02-22'),
(16, 37, 1, NULL, 82, '2024-02-22'),
(17, 38, 1, NULL, 98, '2024-02-22'),
(18, 39, 1, NULL, 100, '2024-02-22'),
(19, 40, 1, NULL, 78, '2024-02-22'),
(20, 41, 1, NULL, 87, '2024-02-22'),
(21, 42, 1, NULL, 85, '2024-02-22'),
(22, 22, 2, 7, 85, '2024-02-22'),
(23, 23, 2, 7, 65, '2024-02-22'),
(24, 24, 2, 7, 65, '2024-02-22'),
(25, 25, 2, 7, 65, '2024-02-22'),
(26, 26, 2, 7, 65, '2024-02-22'),
(27, 27, 2, 7, 65, '2024-02-22'),
(28, 28, 2, 7, 65, '2024-02-22'),
(29, 29, 2, 7, 65, '2024-02-22'),
(30, 30, 2, 7, 65, '2024-02-22'),
(31, 31, 2, 7, 65, '2024-02-22'),
(32, 32, 2, 7, 65, '2024-02-22'),
(33, 33, 2, 7, 56, '2024-02-22'),
(34, 34, 2, 7, 65, '2024-02-22'),
(35, 35, 2, 7, 65, '2024-02-22'),
(36, 36, 2, 7, 56, '2024-02-22'),
(37, 37, 2, 7, 56, '2024-02-22'),
(38, 38, 2, 7, 56, '2024-02-22'),
(39, 39, 2, 7, 65, '2024-02-22'),
(40, 40, 2, 7, 65, '2024-02-22'),
(41, 41, 2, 7, 56, '2024-02-22'),
(42, 42, 2, 7, 65, '2024-02-22'),
(43, 22, 2, 8, 92, '2024-02-22'),
(44, 22, 2, 8, 80, '2024-02-22'),
(45, 23, 2, 8, 78, '2024-02-22'),
(46, 23, 2, 8, 86, '2024-02-22'),
(47, 24, 2, 8, 82, '2024-02-22'),
(48, 24, 2, 8, 78, '2024-02-22'),
(49, 25, 2, 8, 92, '2024-02-22'),
(50, 25, 2, 8, 95, '2024-02-22'),
(51, 26, 2, 8, 82, '2024-02-22'),
(52, 26, 2, 8, 80, '2024-02-22'),
(53, 27, 2, 8, 90, '2024-02-22'),
(54, 27, 2, 8, 75, '2024-02-22'),
(55, 28, 2, 8, 76, '2024-02-22'),
(56, 28, 2, 8, 67, '2024-02-22'),
(57, 29, 2, 8, 67, '2024-02-22'),
(58, 29, 2, 8, 85, '2024-02-22'),
(59, 30, 2, 8, 92, '2024-02-22'),
(60, 30, 2, 8, 87, '2024-02-22'),
(61, 31, 2, 8, 87, '2024-02-22'),
(62, 31, 2, 8, 75, '2024-02-22'),
(63, 32, 2, 8, 75, '2024-02-22'),
(64, 32, 2, 8, 98, '2024-02-22'),
(65, 33, 2, 8, 86, '2024-02-22'),
(66, 33, 2, 8, 82, '2024-02-22'),
(67, 34, 2, 8, 72, '2024-02-22'),
(68, 34, 2, 8, 92, '2024-02-22'),
(69, 35, 2, 8, 82, '2024-02-22'),
(70, 35, 2, 8, 85, '2024-02-22'),
(71, 36, 2, 8, 84, '2024-02-22'),
(72, 36, 2, 8, 88, '2024-02-22'),
(73, 37, 2, 8, 82, '2024-02-22'),
(74, 37, 2, 8, 72, '2024-02-22'),
(75, 38, 2, 8, 76, '2024-02-22'),
(76, 38, 2, 8, 78, '2024-02-22'),
(77, 39, 2, 8, 82, '2024-02-22'),
(78, 39, 2, 8, 96, '2024-02-22'),
(79, 40, 2, 8, 100, '2024-02-22'),
(80, 40, 2, 8, 98, '2024-02-22'),
(81, 41, 2, 8, 80, '2024-02-22'),
(82, 41, 2, 8, 87, '2024-02-22'),
(83, 42, 2, 8, 76, '2024-02-22'),
(84, 42, 2, 8, 70, '2024-02-22');

-- --------------------------------------------------------

--
-- Table structure for table `user`
--

CREATE TABLE `user` (
  `id` int(11) NOT NULL,
  `username` varchar(20) NOT NULL,
  `password` varchar(12) NOT NULL,
  `name` varchar(20) NOT NULL,
  `course_id` int(11) NOT NULL,
  `profile_img` varchar(200) DEFAULT NULL,
  `emp_no` char(10) NOT NULL,
  `nic_no` char(12) NOT NULL,
  `designation` varchar(20) NOT NULL,
  `user_type` enum('ADMIN','SUPER_ADMIN') NOT NULL
) ENGINE=InnoDB DEFAULT CHARSET=utf8mb4;

--
-- Dumping data for table `user`
--

INSERT INTO `user` (`id`, `username`, `password`, `name`, `course_id`, `profile_img`, `emp_no`, `nic_no`, `designation`, `user_type`) VALUES
(1, 'vta.application.test', 'vtaK2023', 'Test User', 1, 'students/p (3).jpg', '1111', '123456789112', 'System Diagnostics', 'SUPER_ADMIN');

--
-- Indexes for dumped tables
--

--
-- Indexes for table `application`
--
ALTER TABLE `application`
  ADD PRIMARY KEY (`id`),
  ADD KEY `student_id` (`student_id`),
  ADD KEY `batch_id` (`batch_id`);

--
-- Indexes for table `attendance`
--
ALTER TABLE `attendance`
  ADD PRIMARY KEY (`id`),
  ADD KEY `dat_mis_index` (`date`,`student_id`),
  ADD KEY `student_id` (`student_id`);

--
-- Indexes for table `batch`
--
ALTER TABLE `batch`
  ADD PRIMARY KEY (`batch_id`),
  ADD KEY `course_id` (`course_id`);

--
-- Indexes for table `course`
--
ALTER TABLE `course`
  ADD PRIMARY KEY (`course_id`);

--
-- Indexes for table `course_fee`
--
ALTER TABLE `course_fee`
  ADD PRIMARY KEY (`id`),
  ADD KEY `course_id` (`course_id`),
  ADD KEY `batch_id` (`batch_id`);

--
-- Indexes for table `drop_out`
--
ALTER TABLE `drop_out`
  ADD PRIMARY KEY (`id`),
  ADD KEY `drop_out_ibfk_1` (`student_id`);

--
-- Indexes for table `holidays`
--
ALTER TABLE `holidays`
  ADD PRIMARY KEY (`id`);

--
-- Indexes for table `interview`
--
ALTER TABLE `interview`
  ADD PRIMARY KEY (`interview_no`),
  ADD KEY `forign_key` (`application_number`);

--
-- Indexes for table `login_records`
--
ALTER TABLE `login_records`
  ADD PRIMARY KEY (`id`),
  ADD KEY `user_id` (`user_id`);

--
-- Indexes for table `module`
--
ALTER TABLE `module`
  ADD PRIMARY KEY (`module_id`);

--
-- Indexes for table `registered_student`
--
ALTER TABLE `registered_student`
  ADD PRIMARY KEY (`id`),
  ADD KEY `index_fk` (`batch_id`);

--
-- Indexes for table `step`
--
ALTER TABLE `step`
  ADD PRIMARY KEY (`step_id`),
  ADD KEY `task_no` (`task_id`);

--
-- Indexes for table `student`
--
ALTER TABLE `student`
  ADD PRIMARY KEY (`id`);

--
-- Indexes for table `student_module`
--
ALTER TABLE `student_module`
  ADD PRIMARY KEY (`id`),
  ADD KEY `module_id` (`module_id`),
  ADD KEY `student_module_ibfk_1` (`student_id`);

--
-- Indexes for table `student_step`
--
ALTER TABLE `student_step`
  ADD PRIMARY KEY (`id`),
  ADD KEY `step_id` (`step_id`),
  ADD KEY `student_step_ibfk_1` (`student_id`);

--
-- Indexes for table `student_task`
--
ALTER TABLE `student_task`
  ADD PRIMARY KEY (`id`),
  ADD KEY `task_id` (`task_id`),
  ADD KEY `student_task_ibfk_1` (`student_id`);

--
-- Indexes for table `task`
--
ALTER TABLE `task`
  ADD PRIMARY KEY (`task_id`),
  ADD KEY `module_no` (`module_id`);

--
-- Indexes for table `theory_assessment`
--
ALTER TABLE `theory_assessment`
  ADD PRIMARY KEY (`id`),
  ADD KEY `module_id` (`module_id`),
  ADD KEY `task_id` (`task_id`),
  ADD KEY `theory_assessment_ibfk_1` (`student_id`);

--
-- Indexes for table `user`
--
ALTER TABLE `user`
  ADD PRIMARY KEY (`id`);

--
-- AUTO_INCREMENT for dumped tables
--

--
-- AUTO_INCREMENT for table `application`
--
ALTER TABLE `application`
  MODIFY `id` int(11) NOT NULL AUTO_INCREMENT, AUTO_INCREMENT=43;

--
-- AUTO_INCREMENT for table `attendance`
--
ALTER TABLE `attendance`
  MODIFY `id` int(11) NOT NULL AUTO_INCREMENT, AUTO_INCREMENT=5155;

--
-- AUTO_INCREMENT for table `batch`
--
ALTER TABLE `batch`
  MODIFY `batch_id` int(11) NOT NULL AUTO_INCREMENT, AUTO_INCREMENT=5;

--
-- AUTO_INCREMENT for table `course`
--
ALTER TABLE `course`
  MODIFY `course_id` int(11) NOT NULL AUTO_INCREMENT, AUTO_INCREMENT=3;

--
-- AUTO_INCREMENT for table `course_fee`
--
ALTER TABLE `course_fee`
  MODIFY `id` int(11) NOT NULL AUTO_INCREMENT, AUTO_INCREMENT=3;

--
-- AUTO_INCREMENT for table `drop_out`
--
ALTER TABLE `drop_out`
  MODIFY `id` int(11) NOT NULL AUTO_INCREMENT, AUTO_INCREMENT=4;

--
-- AUTO_INCREMENT for table `holidays`
--
ALTER TABLE `holidays`
  MODIFY `id` int(11) NOT NULL AUTO_INCREMENT, AUTO_INCREMENT=9;

--
-- AUTO_INCREMENT for table `interview`
--
ALTER TABLE `interview`
  MODIFY `interview_no` int(11) NOT NULL AUTO_INCREMENT, AUTO_INCREMENT=64;

--
-- AUTO_INCREMENT for table `login_records`
--
ALTER TABLE `login_records`
  MODIFY `id` int(11) NOT NULL AUTO_INCREMENT, AUTO_INCREMENT=9;

--
-- AUTO_INCREMENT for table `module`
--
ALTER TABLE `module`
  MODIFY `module_id` int(11) NOT NULL AUTO_INCREMENT, AUTO_INCREMENT=13;

--
-- AUTO_INCREMENT for table `registered_student`
--
ALTER TABLE `registered_student`
  MODIFY `id` int(11) NOT NULL AUTO_INCREMENT, AUTO_INCREMENT=43;

--
-- AUTO_INCREMENT for table `step`
--
ALTER TABLE `step`
  MODIFY `step_id` int(11) NOT NULL AUTO_INCREMENT, AUTO_INCREMENT=448;

--
-- AUTO_INCREMENT for table `student`
--
ALTER TABLE `student`
  MODIFY `id` int(11) NOT NULL AUTO_INCREMENT, AUTO_INCREMENT=43;

--
-- AUTO_INCREMENT for table `student_module`
--
ALTER TABLE `student_module`
  MODIFY `id` int(11) NOT NULL AUTO_INCREMENT, AUTO_INCREMENT=4;

--
-- AUTO_INCREMENT for table `student_step`
--
ALTER TABLE `student_step`
  MODIFY `id` int(11) NOT NULL AUTO_INCREMENT, AUTO_INCREMENT=39;

--
-- AUTO_INCREMENT for table `student_task`
--
ALTER TABLE `student_task`
  MODIFY `id` int(11) NOT NULL AUTO_INCREMENT, AUTO_INCREMENT=23;

--
-- AUTO_INCREMENT for table `task`
--
ALTER TABLE `task`
  MODIFY `task_id` int(11) NOT NULL AUTO_INCREMENT, AUTO_INCREMENT=67;

--
-- AUTO_INCREMENT for table `theory_assessment`
--
ALTER TABLE `theory_assessment`
  MODIFY `id` int(11) NOT NULL AUTO_INCREMENT, AUTO_INCREMENT=85;

--
-- AUTO_INCREMENT for table `user`
--
ALTER TABLE `user`
  MODIFY `id` int(11) NOT NULL AUTO_INCREMENT, AUTO_INCREMENT=2;

--
-- Constraints for dumped tables
--

--
-- Constraints for table `application`
--
ALTER TABLE `application`
  ADD CONSTRAINT `application_ibfk_1` FOREIGN KEY (`student_id`) REFERENCES `student` (`id`),
  ADD CONSTRAINT `application_ibfk_2` FOREIGN KEY (`batch_id`) REFERENCES `batch` (`batch_id`);

--
-- Constraints for table `attendance`
--
ALTER TABLE `attendance`
  ADD CONSTRAINT `attendance_ibfk_1` FOREIGN KEY (`student_id`) REFERENCES `registered_student` (`id`);

--
-- Constraints for table `batch`
--
ALTER TABLE `batch`
  ADD CONSTRAINT `batch_ibfk_1` FOREIGN KEY (`course_id`) REFERENCES `course` (`course_id`);

--
-- Constraints for table `course_fee`
--
ALTER TABLE `course_fee`
  ADD CONSTRAINT `course_fee_ibfk_1` FOREIGN KEY (`course_id`) REFERENCES `course` (`course_id`),
  ADD CONSTRAINT `course_fee_ibfk_2` FOREIGN KEY (`batch_id`) REFERENCES `batch` (`batch_id`);

--
-- Constraints for table `drop_out`
--
ALTER TABLE `drop_out`
  ADD CONSTRAINT `drop_out_ibfk_1` FOREIGN KEY (`student_id`) REFERENCES `registered_student` (`id`);

--
-- Constraints for table `login_records`
--
ALTER TABLE `login_records`
  ADD CONSTRAINT `login_records_ibfk_1` FOREIGN KEY (`user_id`) REFERENCES `user` (`id`);

--
-- Constraints for table `registered_student`
--
ALTER TABLE `registered_student`
  ADD CONSTRAINT `registered_student_ibfk_1` FOREIGN KEY (`batch_id`) REFERENCES `batch` (`batch_id`);

--
-- Constraints for table `step`
--
ALTER TABLE `step`
  ADD CONSTRAINT `step_ibfk_1` FOREIGN KEY (`task_id`) REFERENCES `task` (`task_id`);

--
-- Constraints for table `student_module`
--
ALTER TABLE `student_module`
  ADD CONSTRAINT `student_module_ibfk_1` FOREIGN KEY (`student_id`) REFERENCES `registered_student` (`id`),
  ADD CONSTRAINT `student_module_ibfk_2` FOREIGN KEY (`module_id`) REFERENCES `module` (`module_id`);

--
-- Constraints for table `student_step`
--
ALTER TABLE `student_step`
  ADD CONSTRAINT `student_step_ibfk_1` FOREIGN KEY (`student_id`) REFERENCES `registered_student` (`id`),
  ADD CONSTRAINT `student_step_ibfk_2` FOREIGN KEY (`step_id`) REFERENCES `step` (`step_id`);

--
-- Constraints for table `student_task`
--
ALTER TABLE `student_task`
  ADD CONSTRAINT `student_task_ibfk_1` FOREIGN KEY (`student_id`) REFERENCES `registered_student` (`id`),
  ADD CONSTRAINT `student_task_ibfk_2` FOREIGN KEY (`task_id`) REFERENCES `task` (`task_id`);

--
-- Constraints for table `task`
--
ALTER TABLE `task`
  ADD CONSTRAINT `task_ibfk_1` FOREIGN KEY (`module_id`) REFERENCES `module` (`module_id`);

--
-- Constraints for table `theory_assessment`
--
ALTER TABLE `theory_assessment`
  ADD CONSTRAINT `theory_assessment_ibfk_1` FOREIGN KEY (`student_id`) REFERENCES `registered_student` (`id`),
  ADD CONSTRAINT `theory_assessment_ibfk_2` FOREIGN KEY (`module_id`) REFERENCES `module` (`module_id`);
COMMIT;

/*!40101 SET CHARACTER_SET_CLIENT=@OLD_CHARACTER_SET_CLIENT */;
/*!40101 SET CHARACTER_SET_RESULTS=@OLD_CHARACTER_SET_RESULTS */;
/*!40101 SET COLLATION_CONNECTION=@OLD_COLLATION_CONNECTION */;
